gen,pokedex,name,type1,type2,x_bug,x_dark,x_dragon,x_electric,x_fairy,x_fight,x_fire,x_flying,x_ghost,x_grass,x_ground,x_ice,x_normal,x_poison,x_psychic,x_rock,x_steel,x_water,x_total,hp,attack,defense,speed,sp_attack,sp_defense,base_total,height_m,weight_kg,percentage_male,is_legend
1,1,Bulbasaur,grass,poison,1,1,1,0.5,0.5,0.5,2,2,1,0.25,1,2,1,1,2,1,1,0.5,19.25,45,49,49,45,65,65,318,0.7,6.9,88.1,0
1,2,Ivysaur,grass,poison,1,1,1,0.5,0.5,0.5,2,2,1,0.25,1,2,1,1,2,1,1,0.5,19.25,60,62,63,60,80,80,405,1,13,88.1,0
1,3,Venusaur,grass,poison,1,1,1,0.5,0.5,0.5,2,2,1,0.25,1,2,1,1,2,1,1,0.5,19.25,80,100,123,80,122,120,625,2,100,88.1,0
1,4,Charmander,fire,,0.5,1,1,1,0.5,1,0.5,1,1,0.5,2,0.5,1,1,1,2,0.5,2,18,39,52,43,65,60,50,309,0.6,8.5,88.1,0
1,5,Charmeleon,fire,,0.5,1,1,1,0.5,1,0.5,1,1,0.5,2,0.5,1,1,1,2,0.5,2,18,58,64,58,80,80,65,405,1.1,19,88.1,0
1,6,Charizard,fire,flying,0.25,1,1,2,0.5,0.5,0.5,1,1,0.25,0,1,1,1,1,4,0.5,2,18.5,78,104,78,100,159,115,634,1.7,90.5,88.1,0
1,7,Squirtle,water,,1,1,1,2,1,1,0.5,1,1,2,1,0.5,1,1,1,1,0.5,0.5,18,44,48,65,43,50,64,314,0.5,9,88.1,0
1,8,Wartortle,water,,1,1,1,2,1,1,0.5,1,1,2,1,0.5,1,1,1,1,0.5,0.5,18,59,63,80,58,65,80,405,1,22.5,88.1,0
1,9,Blastoise,water,,1,1,1,2,1,1,0.5,1,1,2,1,0.5,1,1,1,1,0.5,0.5,18,79,103,120,78,135,115,630,1.6,85.5,88.1,0
1,10,Caterpie,bug,,1,1,1,1,1,0.5,2,2,1,0.5,0.5,1,1,1,1,2,1,1,19.5,45,30,35,45,20,20,195,0.3,2.9,50,0
1,11,Metapod,bug,,1,1,1,1,1,0.5,2,2,1,0.5,0.5,1,1,1,1,2,1,1,19.5,50,20,55,30,25,25,205,0.7,9.9,50,0
1,12,Butterfree,bug,flying,0.5,1,1,2,1,0.25,2,2,1,0.25,0,2,1,1,1,4,1,1,22,60,45,50,70,90,80,395,1.1,32,50,0
1,13,Weedle,bug,poison,0.5,1,1,1,0.5,0.25,2,2,1,0.25,1,1,1,0.5,2,2,1,1,19,40,35,30,50,20,20,195,0.3,3.2,50,0
1,14,Kakuna,bug,poison,0.5,1,1,1,0.5,0.25,2,2,1,0.25,1,1,1,0.5,2,2,1,1,19,45,25,50,35,25,25,205,0.6,10,50,0
1,15,Beedrill,bug,poison,0.5,1,1,1,0.5,0.25,2,2,1,0.25,1,1,1,0.5,2,2,1,1,19,65,150,40,145,15,80,495,1,29.5,50,0
1,16,Pidgey,normal,flying,0.5,1,1,2,1,1,1,1,0,0.5,0,2,1,1,1,2,1,1,18,40,45,40,56,35,35,251,0.3,1.8,50,0
1,17,Pidgeotto,normal,flying,0.5,1,1,2,1,1,1,1,0,0.5,0,2,1,1,1,2,1,1,18,63,60,55,71,50,50,349,1.1,30,50,0
1,18,Pidgeot,normal,flying,0.5,1,1,2,1,1,1,1,0,0.5,0,2,1,1,1,2,1,1,18,83,80,80,121,135,80,579,1.5,39.5,50,0
1,19,Rattata,normal,dark,1,1,1,1,1,2,1,1,0,1,1,1,1,1,1,1,1,1,18,30,56,35,72,25,35,253,,,50,0
1,20,Raticate,normal,dark,1,1,1,1,1,2,1,1,0,1,1,1,1,1,1,1,1,1,18,75,71,70,77,40,80,413,,,50,0
1,21,Spearow,normal,flying,0.5,1,1,2,1,1,1,1,0,0.5,0,2,1,1,1,2,1,1,18,40,60,30,70,31,31,262,0.3,2,50,0
1,22,Fearow,normal,flying,0.5,1,1,2,1,1,1,1,0,0.5,0,2,1,1,1,2,1,1,18,65,90,65,100,61,61,442,1.2,38,50,0
1,23,Ekans,poison,,0.5,1,1,1,0.5,0.5,1,1,1,0.5,2,1,1,0.5,2,1,1,1,17.5,35,60,44,55,40,54,288,2,6.9,50,0
1,24,Arbok,poison,,0.5,1,1,1,0.5,0.5,1,1,1,0.5,2,1,1,0.5,2,1,1,1,17.5,60,95,69,80,65,79,448,3.5,65,50,0
1,25,Pikachu,electric,,1,1,1,0.5,1,1,1,0.5,1,1,2,1,1,1,1,1,0.5,1,17.5,35,55,40,90,50,50,320,0.4,6,50,0
1,26,Raichu,electric,electric,1,1,1,0.5,1,1,1,0.5,1,1,2,1,1,1,1,1,0.5,1,17.5,60,85,50,110,95,85,485,,,50,0
1,27,Sandshrew,ground,ice,1,1,1,0,1,1,1,1,1,2,1,2,1,0.5,1,0.5,1,2,19,50,75,90,40,10,35,300,,,50,0
1,28,Sandslash,ground,ice,1,1,1,0,1,1,1,1,1,2,1,2,1,0.5,1,0.5,1,2,19,75,100,120,65,25,65,450,,,50,0
1,29,Nidoran♀,poison,,0.5,1,1,1,0.5,0.5,1,1,1,0.5,2,1,1,0.5,2,1,1,1,17.5,55,47,52,41,40,40,275,0.4,7,0,0
1,30,Nidorina,poison,,0.5,1,1,1,0.5,0.5,1,1,1,0.5,2,1,1,0.5,2,1,1,1,17.5,70,62,67,56,55,55,365,0.8,20,0,0
1,31,Nidoqueen,poison,ground,0.5,1,1,0,0.5,0.5,1,1,1,1,2,2,1,0.25,2,0.5,1,2,18.25,90,92,87,76,75,85,505,1.3,60,0,0
1,32,Nidoran♂,poison,,0.5,1,1,1,0.5,0.5,1,1,1,0.5,2,1,1,0.5,2,1,1,1,17.5,46,57,40,50,40,40,273,0.5,9,100,0
1,33,Nidorino,poison,,0.5,1,1,1,0.5,0.5,1,1,1,0.5,2,1,1,0.5,2,1,1,1,17.5,61,72,57,65,55,55,365,0.9,19.5,100,0
1,34,Nidoking,poison,ground,0.5,1,1,0,0.5,0.5,1,1,1,1,2,2,1,0.25,2,0.5,1,2,18.25,81,102,77,85,85,75,505,1.4,62,100,0
1,35,Clefairy,fairy,,0.5,0.5,0,1,1,0.5,1,1,1,1,1,1,1,2,1,1,2,1,17.5,70,45,48,35,60,65,323,0.6,7.5,24.6,0
1,36,Clefable,fairy,,0.5,0.5,0,1,1,0.5,1,1,1,1,1,1,1,2,1,1,2,1,17.5,95,70,73,60,95,90,483,1.3,40,24.6,0
1,37,Vulpix,fire,ice,0.5,1,1,1,0.5,1,0.5,1,1,0.5,2,0.5,1,1,1,2,0.5,2,18,38,41,40,65,50,65,299,,,24.6,0
1,38,Ninetales,fire,ice,0.5,1,1,1,0.5,1,0.5,1,1,0.5,2,0.5,1,1,1,2,0.5,2,18,73,67,75,109,81,100,505,,,24.6,0
1,39,Jigglypuff,normal,fairy,0.5,0.5,0,1,1,1,1,1,0,1,1,1,1,2,1,1,2,1,17,115,45,20,20,45,25,270,0.5,5.5,24.6,0
1,40,Wigglytuff,normal,fairy,0.5,0.5,0,1,1,1,1,1,0,1,1,1,1,2,1,1,2,1,17,140,70,45,45,85,50,435,1,12,24.6,0
1,41,Zubat,poison,flying,0.25,1,1,2,0.5,0.25,1,1,1,0.25,0,2,1,0.5,2,2,1,1,17.75,40,45,35,55,30,40,245,0.8,7.5,50,0
1,42,Golbat,poison,flying,0.25,1,1,2,0.5,0.25,1,1,1,0.25,0,2,1,0.5,2,2,1,1,17.75,75,80,70,90,65,75,455,1.6,55,50,0
1,43,Oddish,grass,poison,1,1,1,0.5,0.5,0.5,2,2,1,0.25,1,2,1,1,2,1,1,0.5,19.25,45,50,55,30,75,65,320,0.5,5.4,50,0
1,44,Gloom,grass,poison,1,1,1,0.5,0.5,0.5,2,2,1,0.25,1,2,1,1,2,1,1,0.5,19.25,60,65,70,40,85,75,395,0.8,8.6,50,0
1,45,Vileplume,grass,poison,1,1,1,0.5,0.5,0.5,2,2,1,0.25,1,2,1,1,2,1,1,0.5,19.25,75,80,85,50,110,90,490,1.2,18.6,50,0
1,46,Paras,bug,grass,2,1,1,0.5,1,0.5,4,4,1,0.25,0.25,2,1,2,1,2,1,0.5,25,35,70,55,25,45,55,285,0.3,5.4,50,0
1,47,Parasect,bug,grass,2,1,1,0.5,1,0.5,4,4,1,0.25,0.25,2,1,2,1,2,1,0.5,25,60,95,80,30,60,80,405,1,29.5,50,0
1,48,Venonat,bug,poison,0.5,1,1,1,0.5,0.25,2,2,1,0.25,1,1,1,0.5,2,2,1,1,19,60,55,50,45,40,55,305,1,30,50,0
1,49,Venomoth,bug,poison,0.5,1,1,1,0.5,0.25,2,2,1,0.25,1,1,1,0.5,2,2,1,1,19,70,65,60,90,90,75,450,1.5,12.5,50,0
1,50,Diglett,ground,ground,1,1,1,0,1,1,1,1,1,2,1,2,1,0.5,1,0.5,1,2,19,10,55,30,90,35,45,265,,,50,0
1,51,Dugtrio,ground,ground,1,1,1,0,1,1,1,1,1,2,1,2,1,0.5,1,0.5,1,2,19,35,100,60,110,50,70,425,,,50,0
1,52,Meowth,normal,dark,1,1,1,1,1,2,1,1,0,1,1,1,1,1,1,1,1,1,18,40,35,35,90,50,40,290,,,50,0
1,53,Persian,normal,dark,1,1,1,1,1,2,1,1,0,1,1,1,1,1,1,1,1,1,18,65,60,60,115,75,65,440,,,50,0
1,54,Psyduck,water,,1,1,1,2,1,1,0.5,1,1,2,1,0.5,1,1,1,1,0.5,0.5,18,50,52,48,55,65,50,320,0.8,19.6,50,0
1,55,Golduck,water,,1,1,1,2,1,1,0.5,1,1,2,1,0.5,1,1,1,1,0.5,0.5,18,80,82,78,85,95,80,500,1.7,76.6,50,0
1,56,Mankey,fighting,,0.5,0.5,1,1,2,1,1,2,1,1,1,1,1,1,2,0.5,1,1,19.5,40,80,35,70,35,45,305,0.5,28,50,0
1,57,Primeape,fighting,,0.5,0.5,1,1,2,1,1,2,1,1,1,1,1,1,2,0.5,1,1,19.5,65,105,60,95,60,70,455,1,32,50,0
1,58,Growlithe,fire,,0.5,1,1,1,0.5,1,0.5,1,1,0.5,2,0.5,1,1,1,2,0.5,2,18,55,70,45,60,70,50,350,0.7,19,75.4,0
1,59,Arcanine,fire,,0.5,1,1,1,0.5,1,0.5,1,1,0.5,2,0.5,1,1,1,2,0.5,2,18,90,110,80,95,100,80,555,1.9,155,75.4,0
1,60,Poliwag,water,,1,1,1,2,1,1,0.5,1,1,2,1,0.5,1,1,1,1,0.5,0.5,18,40,50,40,90,40,40,300,0.6,12.4,50,0
1,61,Poliwhirl,water,,1,1,1,2,1,1,0.5,1,1,2,1,0.5,1,1,1,1,0.5,0.5,18,65,65,65,90,50,50,385,1,20,50,0
1,62,Poliwrath,water,fighting,0.5,0.5,1,2,2,1,0.5,2,1,2,1,0.5,1,1,2,0.5,0.5,0.5,19.5,90,95,95,70,70,90,510,1.3,54,50,0
1,63,Abra,psychic,,2,2,1,1,1,0.5,1,1,2,1,1,1,1,1,0.5,1,1,1,20,25,20,15,90,105,55,310,0.9,19.5,75.4,0
1,64,Kadabra,psychic,,2,2,1,1,1,0.5,1,1,2,1,1,1,1,1,0.5,1,1,1,20,40,35,30,105,120,70,400,1.3,56.5,75.4,0
1,65,Alakazam,psychic,,2,2,1,1,1,0.5,1,1,2,1,1,1,1,1,0.5,1,1,1,20,55,50,65,150,175,105,600,1.5,48,75.4,0
1,66,Machop,fighting,,0.5,0.5,1,1,2,1,1,2,1,1,1,1,1,1,2,0.5,1,1,19.5,70,80,50,35,35,35,305,0.8,19.5,75.4,0
1,67,Machoke,fighting,,0.5,0.5,1,1,2,1,1,2,1,1,1,1,1,1,2,0.5,1,1,19.5,80,100,70,45,50,60,405,1.5,70.5,75.4,0
1,68,Machamp,fighting,,0.5,0.5,1,1,2,1,1,2,1,1,1,1,1,1,2,0.5,1,1,19.5,90,130,80,55,65,85,505,1.6,130,75.4,0
1,69,Bellsprout,grass,poison,1,1,1,0.5,0.5,0.5,2,2,1,0.25,1,2,1,1,2,1,1,0.5,19.25,50,75,35,40,70,30,300,0.7,4,50,0
1,70,Weepinbell,grass,poison,1,1,1,0.5,0.5,0.5,2,2,1,0.25,1,2,1,1,2,1,1,0.5,19.25,65,90,50,55,85,45,390,1,6.4,50,0
1,71,Victreebel,grass,poison,1,1,1,0.5,0.5,0.5,2,2,1,0.25,1,2,1,1,2,1,1,0.5,19.25,80,105,65,70,100,70,490,1.7,15.5,50,0
1,72,Tentacool,water,poison,0.5,1,1,2,0.5,0.5,0.5,1,1,1,2,0.5,1,0.5,2,1,0.5,0.5,17,40,40,35,70,50,100,335,0.9,45.5,50,0
1,73,Tentacruel,water,poison,0.5,1,1,2,0.5,0.5,0.5,1,1,1,2,0.5,1,0.5,2,1,0.5,0.5,17,80,70,65,100,80,120,515,1.6,55,50,0
1,74,Geodude,rock,ground,1,1,1,0,1,2,0.5,0.5,1,4,2,2,0.5,0.25,1,0.5,2,4,24.25,40,80,100,20,30,30,300,,,50,0
1,75,Graveler,rock,ground,1,1,1,0,1,2,0.5,0.5,1,4,2,2,0.5,0.25,1,0.5,2,4,24.25,55,95,115,35,45,45,390,,,50,0
1,76,Golem,rock,ground,1,1,1,0,1,2,0.5,0.5,1,4,2,2,0.5,0.25,1,0.5,2,4,24.25,80,120,130,45,55,65,495,,,50,0
1,77,Ponyta,fire,,0.5,1,1,1,0.5,1,0.5,1,1,0.5,2,0.5,1,1,1,2,0.5,2,18,50,85,55,90,65,65,410,1,30,50,0
1,78,Rapidash,fire,,0.5,1,1,1,0.5,1,0.5,1,1,0.5,2,0.5,1,1,1,2,0.5,2,18,65,100,70,105,80,80,500,1.7,95,50,0
1,79,Slowpoke,water,psychic,2,2,1,2,1,0.5,0.5,1,2,2,1,0.5,1,1,0.5,1,0.5,0.5,20,90,65,65,15,40,40,315,1.2,36,50,0
1,80,Slowbro,water,psychic,2,2,1,2,1,0.5,0.5,1,2,2,1,0.5,1,1,0.5,1,0.5,0.5,20,95,75,180,30,130,80,590,1.6,78.5,50,0
1,81,Magnemite,electric,steel,0.5,1,0.5,0.5,0.5,2,2,0.25,1,0.5,4,0.5,0.5,0,0.5,0.5,0.25,1,16,25,35,70,45,95,55,325,0.3,6,,0
1,82,Magneton,electric,steel,0.5,1,0.5,0.5,0.5,2,2,0.25,1,0.5,4,0.5,0.5,0,0.5,0.5,0.25,1,16,50,60,95,70,120,70,465,1,60,,0
1,83,Farfetch'd,normal,flying,0.5,1,1,2,1,1,1,1,0,0.5,0,2,1,1,1,2,1,1,18,52,90,55,60,58,62,377,0.8,15,50,0
1,84,Doduo,normal,flying,0.5,1,1,2,1,1,1,1,0,0.5,0,2,1,1,1,2,1,1,18,35,85,45,75,35,35,310,1.4,39.2,50,0
1,85,Dodrio,normal,flying,0.5,1,1,2,1,1,1,1,0,0.5,0,2,1,1,1,2,1,1,18,60,110,70,110,60,60,470,1.8,85.2,50,0
1,86,Seel,water,,1,1,1,2,1,1,0.5,1,1,2,1,0.5,1,1,1,1,0.5,0.5,18,65,45,55,45,45,70,325,1.1,90,50,0
1,87,Dewgong,water,ice,1,1,1,2,1,2,1,1,1,2,1,0.25,1,1,1,2,1,0.5,20.75,90,70,80,70,70,95,475,1.7,120,50,0
1,88,Grimer,poison,poison,0.5,1,1,1,0.5,0.5,1,1,1,0.5,2,1,1,0.5,2,1,1,1,17.5,80,80,50,25,40,50,325,,,50,0
1,89,Muk,poison,poison,0.5,1,1,1,0.5,0.5,1,1,1,0.5,2,1,1,0.5,2,1,1,1,17.5,105,105,75,50,65,100,500,,,50,0
1,90,Shellder,water,,1,1,1,2,1,1,0.5,1,1,2,1,0.5,1,1,1,1,0.5,0.5,18,30,65,100,40,45,25,305,0.3,4,50,0
1,91,Cloyster,water,ice,1,1,1,2,1,2,1,1,1,2,1,0.25,1,1,1,2,1,0.5,20.75,50,95,180,70,85,45,525,1.5,132.5,50,0
1,92,Gastly,ghost,poison,0.25,2,1,1,0.5,0,1,1,2,0.5,2,1,0,0.25,2,1,1,1,17.5,30,35,30,80,100,35,310,1.3,0.1,50,0
1,93,Haunter,ghost,poison,0.25,2,1,1,0.5,0,1,1,2,0.5,2,1,0,0.25,2,1,1,1,17.5,45,50,45,95,115,55,405,1.6,0.1,50,0
1,94,Gengar,ghost,poison,0.25,2,1,1,0.5,0,1,1,2,0.5,2,1,0,0.25,2,1,1,1,17.5,60,65,80,130,170,95,600,1.5,40.5,50,0
1,95,Onix,rock,ground,1,1,1,0,1,2,0.5,0.5,1,4,2,2,0.5,0.25,1,0.5,2,4,24.25,35,45,160,70,30,45,385,8.8,210,50,0
1,96,Drowzee,psychic,,2,2,1,1,1,0.5,1,1,2,1,1,1,1,1,0.5,1,1,1,20,60,48,45,42,43,90,328,1,32.4,50,0
1,97,Hypno,psychic,,2,2,1,1,1,0.5,1,1,2,1,1,1,1,1,0.5,1,1,1,20,85,73,70,67,73,115,483,1.6,75.6,50,0
1,98,Krabby,water,,1,1,1,2,1,1,0.5,1,1,2,1,0.5,1,1,1,1,0.5,0.5,18,30,105,90,50,25,25,325,0.4,6.5,50,0
1,99,Kingler,water,,1,1,1,2,1,1,0.5,1,1,2,1,0.5,1,1,1,1,0.5,0.5,18,55,130,115,75,50,50,475,1.3,60,50,0
1,100,Voltorb,electric,,1,1,1,0.5,1,1,1,0.5,1,1,2,1,1,1,1,1,0.5,1,17.5,40,30,50,100,55,55,330,0.5,10.4,,0
1,101,Electrode,electric,,1,1,1,0.5,1,1,1,0.5,1,1,2,1,1,1,1,1,0.5,1,17.5,60,50,70,150,80,80,490,1.2,66.6,,0
1,102,Exeggcute,grass,psychic,4,2,1,0.5,1,0.5,2,2,2,0.5,0.5,2,1,2,0.5,1,1,0.5,24,60,40,80,40,60,45,325,0.4,2.5,50,0
1,103,Exeggutor,grass,psychic,4,2,1,0.5,1,0.5,2,2,2,0.5,0.5,2,1,2,0.5,1,1,0.5,24,95,105,85,45,125,75,530,,,50,0
1,104,Cubone,ground,,1,1,1,0,1,1,1,1,1,2,1,2,1,0.5,1,0.5,1,2,19,50,50,95,35,40,50,320,0.4,6.5,50,0
1,105,Marowak,ground,fire,1,1,1,0,1,1,1,1,1,2,1,2,1,0.5,1,0.5,1,2,19,60,80,110,45,50,80,425,,,50,0
1,106,Hitmonlee,fighting,,0.5,0.5,1,1,2,1,1,2,1,1,1,1,1,1,2,0.5,1,1,19.5,50,120,53,87,35,110,455,1.5,49.8,100,0
1,107,Hitmonchan,fighting,,0.5,0.5,1,1,2,1,1,2,1,1,1,1,1,1,2,0.5,1,1,19.5,50,105,79,76,35,110,455,1.4,50.2,100,0
1,108,Lickitung,normal,,1,1,1,1,1,2,1,1,0,1,1,1,1,1,1,1,1,1,18,90,55,75,30,60,75,385,1.2,65.5,50,0
1,109,Koffing,poison,,0.5,1,1,1,0.5,0.5,1,1,1,0.5,2,1,1,0.5,2,1,1,1,17.5,40,65,95,35,60,45,340,0.6,1,50,0
1,110,Weezing,poison,,0.5,1,1,1,0.5,0.5,1,1,1,0.5,2,1,1,0.5,2,1,1,1,17.5,65,90,120,60,85,70,490,1.2,9.5,50,0
1,111,Rhyhorn,ground,rock,1,1,1,0,1,2,0.5,0.5,1,4,2,2,0.5,0.25,1,0.5,2,4,24.25,80,85,95,25,30,30,345,1,115,50,0
1,112,Rhydon,ground,rock,1,1,1,0,1,2,0.5,0.5,1,4,2,2,0.5,0.25,1,0.5,2,4,24.25,105,130,120,40,45,45,485,1.9,120,50,0
1,113,Chansey,normal,,1,1,1,1,1,2,1,1,0,1,1,1,1,1,1,1,1,1,18,250,5,5,50,35,105,450,1.1,34.6,0,0
1,114,Tangela,grass,,2,1,1,0.5,1,1,2,2,1,0.5,0.5,2,1,2,1,1,1,0.5,21,65,55,115,60,100,40,435,1,35,50,0
1,115,Kangaskhan,normal,,1,1,1,1,1,2,1,1,0,1,1,1,1,1,1,1,1,1,18,105,125,100,100,60,100,590,2.2,80,0,0
1,116,Horsea,water,,1,1,1,2,1,1,0.5,1,1,2,1,0.5,1,1,1,1,0.5,0.5,18,30,40,70,60,70,25,295,0.4,8,50,0
1,117,Seadra,water,,1,1,1,2,1,1,0.5,1,1,2,1,0.5,1,1,1,1,0.5,0.5,18,55,65,95,85,95,45,440,1.2,25,50,0
1,118,Goldeen,water,,1,1,1,2,1,1,0.5,1,1,2,1,0.5,1,1,1,1,0.5,0.5,18,45,67,60,63,35,50,320,0.6,15,50,0
1,119,Seaking,water,,1,1,1,2,1,1,0.5,1,1,2,1,0.5,1,1,1,1,0.5,0.5,18,80,92,65,68,65,80,450,1.3,39,50,0
1,120,Staryu,water,,1,1,1,2,1,1,0.5,1,1,2,1,0.5,1,1,1,1,0.5,0.5,18,30,45,55,85,70,55,340,0.8,34.5,,0
1,121,Starmie,water,psychic,2,2,1,2,1,0.5,0.5,1,2,2,1,0.5,1,1,0.5,1,0.5,0.5,20,60,75,85,115,100,85,520,1.1,80,,0
1,122,Mr. Mime,psychic,fairy,1,1,0,1,1,0.25,1,1,2,1,1,1,1,2,0.5,1,2,1,18.75,40,45,65,90,100,120,460,1.3,54.5,50,0
1,123,Scyther,bug,flying,0.5,1,1,2,1,0.25,2,2,1,0.25,0,2,1,1,1,4,1,1,22,70,110,80,105,55,80,500,1.5,56,50,0
1,124,Jynx,ice,psychic,2,2,1,1,1,1,2,1,2,1,1,0.5,1,1,0.5,2,2,1,23,65,50,35,95,115,95,455,1.4,40.6,0,0
1,125,Electabuzz,electric,,1,1,1,0.5,1,1,1,0.5,1,1,2,1,1,1,1,1,0.5,1,17.5,65,83,57,105,95,85,490,1.1,30,75.4,0
1,126,Magmar,fire,,0.5,1,1,1,0.5,1,0.5,1,1,0.5,2,0.5,1,1,1,2,0.5,2,18,65,95,57,93,100,85,495,1.3,44.5,75.4,0
1,127,Pinsir,bug,,1,1,1,1,1,0.5,2,2,1,0.5,0.5,1,1,1,1,2,1,1,19.5,65,155,120,105,65,90,600,1.5,55,50,0
1,128,Tauros,normal,,1,1,1,1,1,2,1,1,0,1,1,1,1,1,1,1,1,1,18,75,100,95,110,40,70,490,1.4,88.4,100,0
1,129,Magikarp,water,,1,1,1,2,1,1,0.5,1,1,2,1,0.5,1,1,1,1,0.5,0.5,18,20,10,55,80,15,20,200,0.9,10,50,0
1,130,Gyarados,water,flying,0.5,1,1,4,1,0.5,0.5,1,1,1,0,1,1,1,1,2,0.5,0.5,18.5,95,155,109,81,70,130,640,6.5,235,50,0
1,131,Lapras,water,ice,1,1,1,2,1,2,1,1,1,2,1,0.25,1,1,1,2,1,0.5,20.75,130,85,80,60,85,95,535,2.5,220,50,0
1,132,Ditto,normal,,1,1,1,1,1,2,1,1,0,1,1,1,1,1,1,1,1,1,18,48,48,48,48,48,48,288,0.3,4,,0
1,133,Eevee,normal,,1,1,1,1,1,2,1,1,0,1,1,1,1,1,1,1,1,1,18,55,55,50,55,45,65,325,0.3,6.5,88.1,0
1,134,Vaporeon,water,,1,1,1,2,1,1,0.5,1,1,2,1,0.5,1,1,1,1,0.5,0.5,18,130,65,60,65,110,95,525,1,29,88.1,0
1,135,Jolteon,electric,,1,1,1,0.5,1,1,1,0.5,1,1,2,1,1,1,1,1,0.5,1,17.5,65,65,60,130,110,95,525,0.8,24.5,88.1,0
1,136,Flareon,fire,,0.5,1,1,1,0.5,1,0.5,1,1,0.5,2,0.5,1,1,1,2,0.5,2,18,65,130,60,65,95,110,525,0.9,25,88.1,0
1,137,Porygon,normal,,1,1,1,1,1,2,1,1,0,1,1,1,1,1,1,1,1,1,18,65,60,70,40,85,75,395,0.8,36.5,,0
1,138,Omanyte,rock,water,1,1,1,2,1,2,0.25,0.5,1,4,2,0.5,0.5,0.5,1,1,1,1,21.25,35,40,100,35,90,55,355,0.4,7.5,88.1,0
1,139,Omastar,rock,water,1,1,1,2,1,2,0.25,0.5,1,4,2,0.5,0.5,0.5,1,1,1,1,21.25,70,60,125,55,115,70,495,1,35,88.1,0
1,140,Kabuto,rock,water,1,1,1,2,1,2,0.25,0.5,1,4,2,0.5,0.5,0.5,1,1,1,1,21.25,30,80,90,55,55,45,355,0.5,11.5,88.1,0
1,141,Kabutops,rock,water,1,1,1,2,1,2,0.25,0.5,1,4,2,0.5,0.5,0.5,1,1,1,1,21.25,60,115,105,80,65,70,495,1.3,40.5,88.1,0
1,142,Aerodactyl,rock,flying,0.5,1,1,2,1,1,0.5,0.5,1,1,0,2,0.5,0.5,1,2,2,2,19.5,80,135,85,150,70,95,615,1.8,59,88.1,0
1,143,Snorlax,normal,,1,1,1,1,1,2,1,1,0,1,1,1,1,1,1,1,1,1,18,160,110,65,30,65,110,540,2.1,460,88.1,0
1,144,Articuno,ice,flying,0.5,1,1,2,1,1,2,1,1,0.5,0,1,1,1,1,4,2,1,22,90,85,100,85,95,125,580,1.7,55.4,,1
1,145,Zapdos,electric,flying,0.5,1,1,1,1,0.5,1,0.5,1,0.5,0,2,1,1,1,2,0.5,1,16.5,90,90,85,100,125,90,580,1.6,52.6,,1
1,146,Moltres,fire,flying,0.25,1,1,2,0.5,0.5,0.5,1,1,0.25,0,1,1,1,1,4,0.5,2,18.5,90,100,90,90,125,85,580,2,60,,1
1,147,Dratini,dragon,,1,1,2,0.5,2,1,0.5,1,1,0.5,1,2,1,1,1,1,1,0.5,19,41,64,45,50,50,50,300,1.8,3.3,50,0
1,148,Dragonair,dragon,,1,1,2,0.5,2,1,0.5,1,1,0.5,1,2,1,1,1,1,1,0.5,19,61,84,65,70,70,70,420,4,16.5,50,0
1,149,Dragonite,dragon,flying,0.5,1,2,1,2,0.5,0.5,1,1,0.25,0,4,1,1,1,2,1,0.5,20.25,91,134,95,80,100,100,600,2.2,210,50,0
1,150,Mewtwo,psychic,,2,2,1,1,1,0.5,1,1,2,1,1,1,1,1,0.5,1,1,1,20,106,150,70,140,194,120,780,2,122,,1
1,151,Mew,psychic,,2,2,1,1,1,0.5,1,1,2,1,1,1,1,1,0.5,1,1,1,20,100,100,100,100,100,100,600,0.4,4,,1
2,152,Chikorita,grass,,2,1,1,0.5,1,1,2,2,1,0.5,0.5,2,1,2,1,1,1,0.5,21,45,49,65,45,49,65,318,0.9,6.4,88.1,0
2,153,Bayleef,grass,,2,1,1,0.5,1,1,2,2,1,0.5,0.5,2,1,2,1,1,1,0.5,21,60,62,80,60,63,80,405,1.2,15.8,88.1,0
2,154,Meganium,grass,,2,1,1,0.5,1,1,2,2,1,0.5,0.5,2,1,2,1,1,1,0.5,21,80,82,100,80,83,100,525,1.8,100.5,88.1,0
2,155,Cyndaquil,fire,,0.5,1,1,1,0.5,1,0.5,1,1,0.5,2,0.5,1,1,1,2,0.5,2,18,39,52,43,65,60,50,309,0.5,7.9,88.1,0
2,156,Quilava,fire,,0.5,1,1,1,0.5,1,0.5,1,1,0.5,2,0.5,1,1,1,2,0.5,2,18,58,64,58,80,80,65,405,0.9,19,88.1,0
2,157,Typhlosion,fire,,0.5,1,1,1,0.5,1,0.5,1,1,0.5,2,0.5,1,1,1,2,0.5,2,18,78,84,78,100,109,85,534,1.7,79.5,88.1,0
2,158,Totodile,water,,1,1,1,2,1,1,0.5,1,1,2,1,0.5,1,1,1,1,0.5,0.5,18,50,65,64,43,44,48,314,0.6,9.5,88.1,0
2,159,Croconaw,water,,1,1,1,2,1,1,0.5,1,1,2,1,0.5,1,1,1,1,0.5,0.5,18,65,80,80,58,59,63,405,1.1,25,88.1,0
2,160,Feraligatr,water,,1,1,1,2,1,1,0.5,1,1,2,1,0.5,1,1,1,1,0.5,0.5,18,85,105,100,78,79,83,530,2.3,88.8,88.1,0
2,161,Sentret,normal,,1,1,1,1,1,2,1,1,0,1,1,1,1,1,1,1,1,1,18,35,46,34,20,35,45,215,0.8,6,50,0
2,162,Furret,normal,,1,1,1,1,1,2,1,1,0,1,1,1,1,1,1,1,1,1,18,85,76,64,90,45,55,415,1.8,32.5,50,0
2,163,Hoothoot,normal,flying,0.5,1,1,2,1,1,1,1,0,0.5,0,2,1,1,1,2,1,1,18,60,30,30,50,36,56,262,0.7,21.2,50,0
2,164,Noctowl,normal,flying,0.5,1,1,2,1,1,1,1,0,0.5,0,2,1,1,1,2,1,1,18,100,50,50,70,86,96,452,1.6,40.8,50,0
2,165,Ledyba,bug,flying,0.5,1,1,2,1,0.25,2,2,1,0.25,0,2,1,1,1,4,1,1,22,40,20,30,55,40,80,265,1,10.8,50,0
2,166,Ledian,bug,flying,0.5,1,1,2,1,0.25,2,2,1,0.25,0,2,1,1,1,4,1,1,22,55,35,50,85,55,110,390,1.4,35.6,50,0
2,167,Spinarak,bug,poison,0.5,1,1,1,0.5,0.25,2,2,1,0.25,1,1,1,0.5,2,2,1,1,19,40,60,40,30,40,40,250,0.5,8.5,50,0
2,168,Ariados,bug,poison,0.5,1,1,1,0.5,0.25,2,2,1,0.25,1,1,1,0.5,2,2,1,1,19,70,90,70,40,60,70,400,1.1,33.5,50,0
2,169,Crobat,poison,flying,0.25,1,1,2,0.5,0.25,1,1,1,0.25,0,2,1,0.5,2,2,1,1,17.75,85,90,80,130,70,80,535,1.8,75,50,0
2,170,Chinchou,water,electric,1,1,1,1,1,1,0.5,0.5,1,2,2,0.5,1,1,1,1,0.25,0.5,17.25,75,38,38,67,56,56,330,0.5,12,50,0
2,171,Lanturn,water,electric,1,1,1,1,1,1,0.5,0.5,1,2,2,0.5,1,1,1,1,0.25,0.5,17.25,125,58,58,67,76,76,460,1.2,22.5,50,0
2,172,Pichu,electric,,1,1,1,0.5,1,1,1,0.5,1,1,2,1,1,1,1,1,0.5,1,17.5,20,40,15,60,35,35,205,0.3,2,50,0
2,173,Cleffa,fairy,,0.5,0.5,0,1,1,0.5,1,1,1,1,1,1,1,2,1,1,2,1,17.5,50,25,28,15,45,55,218,0.3,3,24.6,0
2,174,Igglybuff,normal,fairy,0.5,0.5,0,1,1,1,1,1,0,1,1,1,1,2,1,1,2,1,17,90,30,15,15,40,20,210,0.3,1,24.6,0
2,175,Togepi,fairy,,0.5,0.5,0,1,1,0.5,1,1,1,1,1,1,1,2,1,1,2,1,17.5,35,20,65,20,40,65,245,0.3,1.5,88.1,0
2,176,Togetic,fairy,flying,0.25,0.5,0,2,1,0.25,1,1,1,0.5,0,2,1,2,1,2,2,1,18.5,55,40,85,40,80,105,405,0.6,3.2,88.1,0
2,177,Natu,psychic,flying,1,2,1,2,1,0.25,1,1,2,0.5,0,2,1,1,0.5,2,1,1,20.25,40,50,45,70,70,45,320,0.2,2,50,0
2,178,Xatu,psychic,flying,1,2,1,2,1,0.25,1,1,2,0.5,0,2,1,1,0.5,2,1,1,20.25,65,75,70,95,95,70,470,1.5,15,50,0
2,179,Mareep,electric,,1,1,1,0.5,1,1,1,0.5,1,1,2,1,1,1,1,1,0.5,1,17.5,55,40,40,35,65,45,280,0.6,7.8,50,0
2,180,Flaaffy,electric,,1,1,1,0.5,1,1,1,0.5,1,1,2,1,1,1,1,1,0.5,1,17.5,70,55,55,45,80,60,365,0.8,13.3,50,0
2,181,Ampharos,electric,,1,1,1,0.5,1,1,1,0.5,1,1,2,1,1,1,1,1,0.5,1,17.5,90,95,105,45,165,110,610,1.4,61.5,50,0
2,182,Bellossom,grass,,2,1,1,0.5,1,1,2,2,1,0.5,0.5,2,1,2,1,1,1,0.5,21,75,80,95,50,90,100,490,0.4,5.8,50,0
2,183,Marill,water,fairy,0.5,0.5,0,2,1,0.5,0.5,1,1,2,1,0.5,1,2,1,1,1,0.5,17,70,20,50,40,20,50,250,0.4,8.5,50,0
2,184,Azumarill,water,fairy,0.5,0.5,0,2,1,0.5,0.5,1,1,2,1,0.5,1,2,1,1,1,0.5,17,100,50,80,50,60,80,420,0.8,28.5,50,0
2,185,Sudowoodo,rock,,1,1,1,1,1,2,0.5,0.5,1,2,2,1,0.5,0.5,1,1,2,2,21,70,100,115,30,30,65,410,1.2,38,50,0
2,186,Politoed,water,,1,1,1,2,1,1,0.5,1,1,2,1,0.5,1,1,1,1,0.5,0.5,18,90,75,75,70,90,100,500,1.1,33.9,50,0
2,187,Hoppip,grass,flying,1,1,1,1,1,0.5,2,2,1,0.25,0,4,1,2,1,2,1,0.5,22.25,35,35,40,50,35,55,250,0.4,0.5,50,0
2,188,Skiploom,grass,flying,1,1,1,1,1,0.5,2,2,1,0.25,0,4,1,2,1,2,1,0.5,22.25,55,45,50,80,45,65,340,0.6,1,50,0
2,189,Jumpluff,grass,flying,1,1,1,1,1,0.5,2,2,1,0.25,0,4,1,2,1,2,1,0.5,22.25,75,55,70,110,55,95,460,0.8,3,50,0
2,190,Aipom,normal,,1,1,1,1,1,2,1,1,0,1,1,1,1,1,1,1,1,1,18,55,70,55,85,40,55,360,0.8,11.5,50,0
2,191,Sunkern,grass,,2,1,1,0.5,1,1,2,2,1,0.5,0.5,2,1,2,1,1,1,0.5,21,30,30,30,30,30,30,180,0.3,1.8,50,0
2,192,Sunflora,grass,,2,1,1,0.5,1,1,2,2,1,0.5,0.5,2,1,2,1,1,1,0.5,21,75,75,55,30,105,85,425,0.8,8.5,50,0
2,193,Yanma,bug,flying,0.5,1,1,2,1,0.25,2,2,1,0.25,0,2,1,1,1,4,1,1,22,65,65,45,95,75,45,390,1.2,38,50,0
2,194,Wooper,water,ground,1,1,1,0,1,1,0.5,1,1,4,1,1,1,0.5,1,0.5,0.5,1,18,55,45,45,15,25,25,210,0.4,8.5,50,0
2,195,Quagsire,water,ground,1,1,1,0,1,1,0.5,1,1,4,1,1,1,0.5,1,0.5,0.5,1,18,95,85,85,35,65,65,430,1.4,75,50,0
2,196,Espeon,psychic,,2,2,1,1,1,0.5,1,1,2,1,1,1,1,1,0.5,1,1,1,20,65,65,60,110,130,95,525,0.9,26.5,88.1,0
2,197,Umbreon,dark,,2,0.5,1,1,2,2,1,1,0.5,1,1,1,1,1,0,1,1,1,19,95,65,110,65,60,130,525,1,27,88.1,0
2,198,Murkrow,dark,flying,1,0.5,1,2,2,1,1,1,0.5,0.5,0,2,1,1,0,2,1,1,18.5,60,85,42,91,85,42,405,0.5,2.1,50,0
2,199,Slowking,water,psychic,2,2,1,2,1,0.5,0.5,1,2,2,1,0.5,1,1,0.5,1,0.5,0.5,20,95,75,80,30,100,110,490,2,79.5,50,0
2,200,Misdreavus,ghost,,0.5,2,1,1,1,0,1,1,2,1,1,1,0,0.5,1,1,1,1,17,60,60,60,85,85,85,435,0.7,1,50,0
2,201,Unown,psychic,,2,2,1,1,1,0.5,1,1,2,1,1,1,1,1,0.5,1,1,1,20,48,72,48,48,72,48,336,0.5,5,,0
2,202,Wobbuffet,psychic,,2,2,1,1,1,0.5,1,1,2,1,1,1,1,1,0.5,1,1,1,20,190,33,58,33,33,58,405,1.3,28.5,50,0
2,203,Girafarig,normal,psychic,2,2,1,1,1,1,1,1,0,1,1,1,1,1,0.5,1,1,1,18.5,70,80,65,85,90,65,455,1.5,41.5,50,0
2,204,Pineco,bug,,1,1,1,1,1,0.5,2,2,1,0.5,0.5,1,1,1,1,2,1,1,19.5,50,65,90,15,35,35,290,0.6,7.2,50,0
2,205,Forretress,bug,steel,0.5,1,0.5,1,0.5,1,4,1,1,0.25,1,0.5,0.5,0,0.5,1,0.5,1,15.75,75,90,140,40,60,60,465,1.2,125.8,50,0
2,206,Dunsparce,normal,,1,1,1,1,1,2,1,1,0,1,1,1,1,1,1,1,1,1,18,100,70,70,45,65,65,415,1.5,14,50,0
2,207,Gligar,ground,flying,0.5,1,1,0,1,0.5,1,1,1,1,0,4,1,0.5,1,1,1,2,18.5,65,75,105,85,35,65,430,1.1,64.8,50,0
2,208,Steelix,steel,ground,0.5,1,0.5,0,0.5,2,2,0.5,1,1,2,1,0.5,0,0.5,0.25,0.5,2,15.75,75,125,230,30,55,95,610,9.2,400,50,0
2,209,Snubbull,fairy,,0.5,0.5,0,1,1,0.5,1,1,1,1,1,1,1,2,1,1,2,1,17.5,60,80,50,30,40,40,300,0.6,7.8,24.6,0
2,210,Granbull,fairy,,0.5,0.5,0,1,1,0.5,1,1,1,1,1,1,1,2,1,1,2,1,17.5,90,120,75,45,60,60,450,1.4,48.7,24.6,0
2,211,Qwilfish,water,poison,0.5,1,1,2,0.5,0.5,0.5,1,1,1,2,0.5,1,0.5,2,1,0.5,0.5,17,65,95,85,85,55,55,440,0.5,3.9,50,0
2,212,Scizor,bug,steel,0.5,1,0.5,1,0.5,1,4,1,1,0.25,1,0.5,0.5,0,0.5,1,0.5,1,15.75,70,150,140,75,65,100,600,1.8,118,50,0
2,213,Shuckle,bug,rock,1,1,1,1,1,1,1,1,1,1,1,1,0.5,0.5,1,2,2,2,20,20,10,230,5,10,230,505,0.6,20.5,50,0
2,214,Heracross,bug,fighting,0.5,0.5,1,1,2,0.5,2,4,1,0.5,0.5,1,1,1,2,1,1,1,21.5,80,185,115,75,40,105,600,1.5,54,50,0
2,215,Sneasel,dark,ice,2,0.5,1,1,2,4,2,1,0.5,1,1,0.5,1,1,0,2,2,1,23.5,55,95,55,115,35,75,430,0.9,28,50,0
2,216,Teddiursa,normal,,1,1,1,1,1,2,1,1,0,1,1,1,1,1,1,1,1,1,18,60,80,50,40,50,50,330,0.6,8.8,50,0
2,217,Ursaring,normal,,1,1,1,1,1,2,1,1,0,1,1,1,1,1,1,1,1,1,18,90,130,75,55,75,75,500,1.8,125.8,50,0
2,218,Slugma,fire,,0.5,1,1,1,0.5,1,0.5,1,1,0.5,2,0.5,1,1,1,2,0.5,2,18,40,40,40,20,70,40,250,0.7,35,50,0
2,219,Magcargo,fire,rock,0.5,1,1,1,0.5,2,0.25,0.5,1,1,4,0.5,0.5,0.5,1,2,1,4,22.25,60,50,120,30,90,80,430,0.8,55,50,0
2,220,Swinub,ice,ground,1,1,1,0,1,2,2,1,1,2,1,1,1,0.5,1,1,2,2,21.5,50,50,40,50,30,30,250,0.4,6.5,50,0
2,221,Piloswine,ice,ground,1,1,1,0,1,2,2,1,1,2,1,1,1,0.5,1,1,2,2,21.5,100,100,80,50,60,60,450,1.1,55.8,50,0
2,222,Corsola,water,rock,1,1,1,2,1,2,0.25,0.5,1,4,2,0.5,0.5,0.5,1,1,1,1,21.25,65,55,95,35,65,95,410,0.6,5,24.6,0
2,223,Remoraid,water,,1,1,1,2,1,1,0.5,1,1,2,1,0.5,1,1,1,1,0.5,0.5,18,35,65,35,65,65,35,300,0.6,12,50,0
2,224,Octillery,water,,1,1,1,2,1,1,0.5,1,1,2,1,0.5,1,1,1,1,0.5,0.5,18,75,105,75,45,105,75,480,0.9,28.5,50,0
2,225,Delibird,ice,flying,0.5,1,1,2,1,1,2,1,1,0.5,0,1,1,1,1,4,2,1,22,45,55,45,75,65,45,330,0.9,16,50,0
2,226,Mantine,water,flying,0.5,1,1,4,1,0.5,0.5,1,1,1,0,1,1,1,1,2,0.5,0.5,18.5,85,40,70,70,80,140,485,2.1,220,50,0
2,227,Skarmory,steel,flying,0.25,1,0.5,2,0.5,1,2,0.5,1,0.25,0,1,0.5,0,0.5,1,0.5,1,13.5,65,80,140,70,40,70,465,1.7,50.5,50,0
2,228,Houndour,dark,fire,1,0.5,1,1,1,2,0.5,1,0.5,0.5,2,0.5,1,1,0,2,0.5,2,18,45,60,30,65,80,50,330,0.6,10.8,50,0
2,229,Houndoom,dark,fire,1,0.5,1,1,1,2,0.5,1,0.5,0.5,2,0.5,1,1,0,2,0.5,2,18,75,90,90,115,140,90,600,1.4,35,50,0
2,230,Kingdra,water,dragon,1,1,2,1,2,1,0.25,1,1,1,1,1,1,1,1,1,0.5,0.25,18,75,95,95,85,95,95,540,1.8,152,50,0
2,231,Phanpy,ground,,1,1,1,0,1,1,1,1,1,2,1,2,1,0.5,1,0.5,1,2,19,90,60,60,40,40,40,330,0.5,33.5,50,0
2,232,Donphan,ground,,1,1,1,0,1,1,1,1,1,2,1,2,1,0.5,1,0.5,1,2,19,90,120,120,50,60,60,500,1.1,120,50,0
2,233,Porygon2,normal,,1,1,1,1,1,2,1,1,0,1,1,1,1,1,1,1,1,1,18,85,80,90,60,105,95,515,0.6,32.5,,0
2,234,Stantler,normal,,1,1,1,1,1,2,1,1,0,1,1,1,1,1,1,1,1,1,18,73,95,62,85,85,65,465,1.4,71.2,50,0
2,235,Smeargle,normal,,1,1,1,1,1,2,1,1,0,1,1,1,1,1,1,1,1,1,18,55,20,35,75,20,45,250,1.2,58,50,0
2,236,Tyrogue,fighting,,0.5,0.5,1,1,2,1,1,2,1,1,1,1,1,1,2,0.5,1,1,19.5,35,35,35,35,35,35,210,0.7,21,100,0
2,237,Hitmontop,fighting,,0.5,0.5,1,1,2,1,1,2,1,1,1,1,1,1,2,0.5,1,1,19.5,50,95,95,70,35,110,455,1.4,48,100,0
2,238,Smoochum,ice,psychic,2,2,1,1,1,1,2,1,2,1,1,0.5,1,1,0.5,2,2,1,23,45,30,15,65,85,65,305,0.4,6,0,0
2,239,Elekid,electric,,1,1,1,0.5,1,1,1,0.5,1,1,2,1,1,1,1,1,0.5,1,17.5,45,63,37,95,65,55,360,0.6,23.5,75.4,0
2,240,Magby,fire,,0.5,1,1,1,0.5,1,0.5,1,1,0.5,2,0.5,1,1,1,2,0.5,2,18,45,75,37,83,70,55,365,0.7,21.4,75.4,0
2,241,Miltank,normal,,1,1,1,1,1,2,1,1,0,1,1,1,1,1,1,1,1,1,18,95,80,105,100,40,70,490,1.2,75.5,0,0
2,242,Blissey,normal,,1,1,1,1,1,2,1,1,0,1,1,1,1,1,1,1,1,1,18,255,10,10,55,75,135,540,1.5,46.8,0,0
2,243,Raikou,electric,,1,1,1,0.5,1,1,1,0.5,1,1,2,1,1,1,1,1,0.5,1,17.5,90,85,75,115,115,100,580,1.9,178,,1
2,244,Entei,fire,,0.5,1,1,1,0.5,1,0.5,1,1,0.5,2,0.5,1,1,1,2,0.5,2,18,115,115,85,100,90,75,580,2.1,198,,1
2,245,Suicune,water,,1,1,1,2,1,1,0.5,1,1,2,1,0.5,1,1,1,1,0.5,0.5,18,100,75,115,85,90,115,580,2,187,,1
2,246,Larvitar,rock,ground,1,1,1,0,1,2,0.5,0.5,1,4,2,2,0.5,0.25,1,0.5,2,4,24.25,50,64,50,41,45,50,300,0.6,72,50,0
2,247,Pupitar,rock,ground,1,1,1,0,1,2,0.5,0.5,1,4,2,2,0.5,0.25,1,0.5,2,4,24.25,70,84,70,51,65,70,410,1.2,152,50,0
2,248,Tyranitar,rock,dark,2,0.5,1,1,2,4,0.5,0.5,0.5,2,2,1,0.5,0.5,0,1,2,2,23,100,164,150,71,95,120,700,2,202,50,0
2,249,Lugia,psychic,flying,1,2,1,2,1,0.25,1,1,2,0.5,0,2,1,1,0.5,2,1,1,20.25,106,90,130,110,90,154,680,5.2,216,,1
2,250,Ho-Oh,fire,flying,0.25,1,1,2,0.5,0.5,0.5,1,1,0.25,0,1,1,1,1,4,0.5,2,18.5,106,130,90,90,110,154,680,3.8,199,,1
2,251,Celebi,psychic,grass,4,2,1,0.5,1,0.5,2,2,2,0.5,0.5,2,1,2,0.5,1,1,0.5,24,100,100,100,100,100,100,600,0.6,5,,1
3,252,Treecko,grass,,2,1,1,0.5,1,1,2,2,1,0.5,0.5,2,1,2,1,1,1,0.5,21,40,45,35,70,65,55,310,0.5,5,88.1,0
3,253,Grovyle,grass,,2,1,1,0.5,1,1,2,2,1,0.5,0.5,2,1,2,1,1,1,0.5,21,50,65,45,95,85,65,405,0.9,21.6,88.1,0
3,254,Sceptile,grass,,2,1,1,0.5,1,1,2,2,1,0.5,0.5,2,1,2,1,1,1,0.5,21,70,110,75,145,145,85,630,1.7,52.2,88.1,0
3,255,Torchic,fire,,0.5,1,1,1,0.5,1,0.5,1,1,0.5,2,0.5,1,1,1,2,0.5,2,18,45,60,40,45,70,50,310,0.4,2.5,88.1,0
3,256,Combusken,fire,fighting,0.25,0.5,1,1,1,1,0.5,2,1,0.5,2,0.5,1,1,2,1,0.5,2,18.75,60,85,60,55,85,60,405,0.9,19.5,88.1,0
3,257,Blaziken,fire,fighting,0.25,0.5,1,1,1,1,0.5,2,1,0.5,2,0.5,1,1,2,1,0.5,2,18.75,80,160,80,100,130,80,630,1.9,52,88.1,0
3,258,Mudkip,water,,1,1,1,2,1,1,0.5,1,1,2,1,0.5,1,1,1,1,0.5,0.5,18,50,70,50,40,50,50,310,0.4,7.6,88.1,0
3,259,Marshtomp,water,ground,1,1,1,0,1,1,0.5,1,1,4,1,1,1,0.5,1,0.5,0.5,1,18,70,85,70,50,60,70,405,0.7,28,88.1,0
3,260,Swampert,water,ground,1,1,1,0,1,1,0.5,1,1,4,1,1,1,0.5,1,0.5,0.5,1,18,100,150,110,70,95,110,635,1.5,81.9,88.1,0
3,261,Poochyena,dark,,2,0.5,1,1,2,2,1,1,0.5,1,1,1,1,1,0,1,1,1,19,35,55,35,35,30,30,220,0.5,13.6,50,0
3,262,Mightyena,dark,,2,0.5,1,1,2,2,1,1,0.5,1,1,1,1,1,0,1,1,1,19,70,90,70,70,60,60,420,1,37,50,0
3,263,Zigzagoon,normal,,1,1,1,1,1,2,1,1,0,1,1,1,1,1,1,1,1,1,18,38,30,41,60,30,41,240,0.4,17.5,50,0
3,264,Linoone,normal,,1,1,1,1,1,2,1,1,0,1,1,1,1,1,1,1,1,1,18,78,70,61,100,50,61,420,0.5,32.5,50,0
3,265,Wurmple,bug,,1,1,1,1,1,0.5,2,2,1,0.5,0.5,1,1,1,1,2,1,1,19.5,45,45,35,20,20,30,195,0.3,3.6,50,0
3,266,Silcoon,bug,,1,1,1,1,1,0.5,2,2,1,0.5,0.5,1,1,1,1,2,1,1,19.5,50,35,55,15,25,25,205,0.6,10,50,0
3,267,Beautifly,bug,flying,0.5,1,1,2,1,0.25,2,2,1,0.25,0,2,1,1,1,4,1,1,22,60,70,50,65,100,50,395,1,28.4,50,0
3,268,Cascoon,bug,,1,1,1,1,1,0.5,2,2,1,0.5,0.5,1,1,1,1,2,1,1,19.5,50,35,55,15,25,25,205,0.7,11.5,50,0
3,269,Dustox,bug,poison,0.5,1,1,1,0.5,0.25,2,2,1,0.25,1,1,1,0.5,2,2,1,1,19,60,50,70,65,50,90,385,1.2,31.6,50,0
3,270,Lotad,water,grass,2,1,1,1,1,1,1,2,1,1,0.5,1,1,2,1,1,0.5,0.25,19.25,40,30,30,30,40,50,220,0.5,2.6,50,0
3,271,Lombre,water,grass,2,1,1,1,1,1,1,2,1,1,0.5,1,1,2,1,1,0.5,0.25,19.25,60,50,50,50,60,70,340,1.2,32.5,50,0
3,272,Ludicolo,water,grass,2,1,1,1,1,1,1,2,1,1,0.5,1,1,2,1,1,0.5,0.25,19.25,80,70,70,70,90,100,480,1.5,55,50,0
3,273,Seedot,grass,,2,1,1,0.5,1,1,2,2,1,0.5,0.5,2,1,2,1,1,1,0.5,21,40,40,50,30,30,30,220,0.5,4,50,0
3,274,Nuzleaf,grass,dark,4,0.5,1,0.5,2,2,2,2,0.5,0.5,0.5,2,1,2,0,1,1,0.5,23,70,70,40,60,60,40,340,1,28,50,0
3,275,Shiftry,grass,dark,4,0.5,1,0.5,2,2,2,2,0.5,0.5,0.5,2,1,2,0,1,1,0.5,23,90,100,60,80,90,60,480,1.3,59.6,50,0
3,276,Taillow,normal,flying,0.5,1,1,2,1,1,1,1,0,0.5,0,2,1,1,1,2,1,1,18,40,55,30,85,30,30,270,0.3,2.3,50,0
3,277,Swellow,normal,flying,0.5,1,1,2,1,1,1,1,0,0.5,0,2,1,1,1,2,1,1,18,60,85,60,125,75,50,455,0.7,19.8,50,0
3,278,Wingull,water,flying,0.5,1,1,4,1,0.5,0.5,1,1,1,0,1,1,1,1,2,0.5,0.5,18.5,40,30,30,85,55,30,270,0.6,9.5,50,0
3,279,Pelipper,water,flying,0.5,1,1,4,1,0.5,0.5,1,1,1,0,1,1,1,1,2,0.5,0.5,18.5,60,50,100,65,95,70,440,1.2,28,50,0
3,280,Ralts,psychic,fairy,1,1,0,1,1,0.25,1,1,2,1,1,1,1,2,0.5,1,2,1,18.75,28,25,25,40,45,35,198,0.4,6.6,50,0
3,281,Kirlia,psychic,fairy,1,1,0,1,1,0.25,1,1,2,1,1,1,1,2,0.5,1,2,1,18.75,38,35,35,50,65,55,278,0.8,20.2,50,0
3,282,Gardevoir,psychic,fairy,1,1,0,1,1,0.25,1,1,2,1,1,1,1,2,0.5,1,2,1,18.75,68,85,65,100,165,135,618,1.6,48.4,50,0
3,283,Surskit,bug,water,1,1,1,2,1,0.5,1,2,1,1,0.5,0.5,1,1,1,2,0.5,0.5,18.5,40,30,32,65,50,52,269,0.5,1.7,50,0
3,284,Masquerain,bug,flying,0.5,1,1,2,1,0.25,2,2,1,0.25,0,2,1,1,1,4,1,1,22,70,60,62,80,100,82,454,0.8,3.6,50,0
3,285,Shroomish,grass,,2,1,1,0.5,1,1,2,2,1,0.5,0.5,2,1,2,1,1,1,0.5,21,60,40,60,35,40,60,295,0.4,4.5,50,0
3,286,Breloom,grass,fighting,1,0.5,1,0.5,2,1,2,4,1,0.5,0.5,2,1,2,2,0.5,1,0.5,23,60,130,80,70,60,60,460,1.2,39.2,50,0
3,287,Slakoth,normal,,1,1,1,1,1,2,1,1,0,1,1,1,1,1,1,1,1,1,18,60,60,60,30,35,35,280,0.8,24,50,0
3,288,Vigoroth,normal,,1,1,1,1,1,2,1,1,0,1,1,1,1,1,1,1,1,1,18,80,80,80,90,55,55,440,1.4,46.5,50,0
3,289,Slaking,normal,,1,1,1,1,1,2,1,1,0,1,1,1,1,1,1,1,1,1,18,150,160,100,100,95,65,670,2,130.5,50,0
3,290,Nincada,bug,ground,1,1,1,0,1,0.5,2,2,1,1,0.5,2,1,0.5,1,1,1,2,19.5,31,45,90,40,30,30,266,0.5,5.5,50,0
3,291,Ninjask,bug,flying,0.5,1,1,2,1,0.25,2,2,1,0.25,0,2,1,1,1,4,1,1,22,61,90,45,160,50,50,456,0.8,12,50,0
3,292,Shedinja,bug,ghost,0.5,2,1,1,1,0,2,2,2,0.5,0.5,1,0,0.5,1,2,1,1,19,1,90,45,40,30,30,236,0.8,1.2,,0
3,293,Whismur,normal,,1,1,1,1,1,2,1,1,0,1,1,1,1,1,1,1,1,1,18,64,51,23,28,51,23,240,0.6,16.3,50,0
3,294,Loudred,normal,,1,1,1,1,1,2,1,1,0,1,1,1,1,1,1,1,1,1,18,84,71,43,48,71,43,360,1,40.5,50,0
3,295,Exploud,normal,,1,1,1,1,1,2,1,1,0,1,1,1,1,1,1,1,1,1,18,104,91,63,68,91,73,490,1.5,84,50,0
3,296,Makuhita,fighting,,0.5,0.5,1,1,2,1,1,2,1,1,1,1,1,1,2,0.5,1,1,19.5,72,60,30,25,20,30,237,1,86.4,75.4,0
3,297,Hariyama,fighting,,0.5,0.5,1,1,2,1,1,2,1,1,1,1,1,1,2,0.5,1,1,19.5,144,120,60,50,40,60,474,2.3,253.8,75.4,0
3,298,Azurill,normal,fairy,0.5,0.5,0,1,1,1,1,1,0,1,1,1,1,2,1,1,2,1,17,50,20,40,20,20,40,190,0.2,2,24.6,0
3,299,Nosepass,rock,,1,1,1,1,1,2,0.5,0.5,1,2,2,1,0.5,0.5,1,1,2,2,21,30,45,135,30,45,90,375,1,97,50,0
3,300,Skitty,normal,,1,1,1,1,1,2,1,1,0,1,1,1,1,1,1,1,1,1,18,50,45,45,50,35,35,260,0.6,11,24.6,0
3,301,Delcatty,normal,,1,1,1,1,1,2,1,1,0,1,1,1,1,1,1,1,1,1,18,70,65,65,90,55,55,400,1.1,32.6,24.6,0
3,302,Sableye,dark,ghost,1,1,1,1,2,0,1,1,1,1,1,1,0,0.5,0,1,1,1,15.5,50,85,125,20,85,115,480,0.5,11,50,0
3,303,Mawile,steel,fairy,0.25,0.5,0,1,0.5,1,2,0.5,1,0.5,2,0.5,0.5,0,0.5,0.5,1,1,13.25,50,105,125,50,55,95,480,0.6,11.5,50,0
3,304,Aron,steel,rock,0.5,1,0.5,1,0.5,4,1,0.25,1,1,4,0.5,0.25,0,0.5,0.5,1,2,19.5,50,70,100,30,40,40,330,0.4,60,50,0
3,305,Lairon,steel,rock,0.5,1,0.5,1,0.5,4,1,0.25,1,1,4,0.5,0.25,0,0.5,0.5,1,2,19.5,60,90,140,40,50,50,430,0.9,120,50,0
3,306,Aggron,steel,rock,0.5,1,0.5,1,0.5,4,1,0.25,1,1,4,0.5,0.25,0,0.5,0.5,1,2,19.5,70,140,230,50,60,80,630,2.1,360,50,0
3,307,Meditite,fighting,psychic,1,1,1,1,2,0.5,1,2,2,1,1,1,1,1,1,0.5,1,1,20,30,40,55,60,40,55,280,0.6,11.2,50,0
3,308,Medicham,fighting,psychic,1,1,1,1,2,0.5,1,2,2,1,1,1,1,1,1,0.5,1,1,20,60,100,85,100,80,85,510,1.3,31.5,50,0
3,309,Electrike,electric,,1,1,1,0.5,1,1,1,0.5,1,1,2,1,1,1,1,1,0.5,1,17.5,40,45,40,65,65,40,295,0.6,15.2,50,0
3,310,Manectric,electric,,1,1,1,0.5,1,1,1,0.5,1,1,2,1,1,1,1,1,0.5,1,17.5,70,75,80,135,135,80,575,1.5,40.2,50,0
3,311,Plusle,electric,,1,1,1,0.5,1,1,1,0.5,1,1,2,1,1,1,1,1,0.5,1,17.5,60,50,40,95,85,75,405,0.4,4.2,50,0
3,312,Minun,electric,,1,1,1,0.5,1,1,1,0.5,1,1,2,1,1,1,1,1,0.5,1,17.5,60,40,50,95,75,85,405,0.4,4.2,50,0
3,313,Volbeat,bug,,1,1,1,1,1,0.5,2,2,1,0.5,0.5,1,1,1,1,2,1,1,19.5,65,73,75,85,47,85,430,0.7,17.7,100,0
3,314,Illumise,bug,,1,1,1,1,1,0.5,2,2,1,0.5,0.5,1,1,1,1,2,1,1,19.5,65,47,75,85,73,85,430,0.6,17.7,0,0
3,315,Roselia,grass,poison,1,1,1,0.5,0.5,0.5,2,2,1,0.25,1,2,1,1,2,1,1,0.5,19.25,50,60,45,65,100,80,400,0.3,2,50,0
3,316,Gulpin,poison,,0.5,1,1,1,0.5,0.5,1,1,1,0.5,2,1,1,0.5,2,1,1,1,17.5,70,43,53,40,43,53,302,0.4,10.3,50,0
3,317,Swalot,poison,,0.5,1,1,1,0.5,0.5,1,1,1,0.5,2,1,1,0.5,2,1,1,1,17.5,100,73,83,55,73,83,467,1.7,80,50,0
3,318,Carvanha,water,dark,2,0.5,1,2,2,2,0.5,1,0.5,2,1,0.5,1,1,0,1,0.5,0.5,19,45,90,20,65,65,20,305,0.8,20.8,50,0
3,319,Sharpedo,water,dark,2,0.5,1,2,2,2,0.5,1,0.5,2,1,0.5,1,1,0,1,0.5,0.5,19,70,140,70,105,110,65,560,1.8,88.8,50,0
3,320,Wailmer,water,,1,1,1,2,1,1,0.5,1,1,2,1,0.5,1,1,1,1,0.5,0.5,18,130,70,35,60,70,35,400,2,130,50,0
3,321,Wailord,water,,1,1,1,2,1,1,0.5,1,1,2,1,0.5,1,1,1,1,0.5,0.5,18,170,90,45,60,90,45,500,14.5,398,50,0
3,322,Numel,fire,ground,0.5,1,1,0,0.5,1,0.5,1,1,1,2,1,1,0.5,1,1,0.5,4,18.5,60,60,40,35,65,45,305,0.7,24,50,0
3,323,Camerupt,fire,ground,0.5,1,1,0,0.5,1,0.5,1,1,1,2,1,1,0.5,1,1,0.5,4,18.5,70,120,100,20,145,105,560,1.9,220,50,0
3,324,Torkoal,fire,,0.5,1,1,1,0.5,1,0.5,1,1,0.5,2,0.5,1,1,1,2,0.5,2,18,70,85,140,20,85,70,470,0.5,80.4,50,0
3,325,Spoink,psychic,,2,2,1,1,1,0.5,1,1,2,1,1,1,1,1,0.5,1,1,1,20,60,25,35,60,70,80,330,0.7,30.6,50,0
3,326,Grumpig,psychic,,2,2,1,1,1,0.5,1,1,2,1,1,1,1,1,0.5,1,1,1,20,80,45,65,80,90,110,470,0.9,71.5,50,0
3,327,Spinda,normal,,1,1,1,1,1,2,1,1,0,1,1,1,1,1,1,1,1,1,18,60,60,60,60,60,60,360,1.1,5,50,0
3,328,Trapinch,ground,,1,1,1,0,1,1,1,1,1,2,1,2,1,0.5,1,0.5,1,2,19,45,100,45,10,45,45,290,0.7,15,50,0
3,329,Vibrava,ground,dragon,1,1,2,0,2,1,0.5,1,1,1,1,4,1,0.5,1,0.5,1,1,20.5,50,70,50,70,50,50,340,1.1,15.3,50,0
3,330,Flygon,ground,dragon,1,1,2,0,2,1,0.5,1,1,1,1,4,1,0.5,1,0.5,1,1,20.5,80,100,80,100,80,80,520,2,82,50,0
3,331,Cacnea,grass,,2,1,1,0.5,1,1,2,2,1,0.5,0.5,2,1,2,1,1,1,0.5,21,50,85,40,35,85,40,335,0.4,51.3,50,0
3,332,Cacturne,grass,dark,4,0.5,1,0.5,2,2,2,2,0.5,0.5,0.5,2,1,2,0,1,1,0.5,23,70,115,60,55,115,60,475,1.3,77.4,50,0
3,333,Swablu,normal,flying,0.5,1,1,2,1,1,1,1,0,0.5,0,2,1,1,1,2,1,1,18,45,40,60,50,40,75,310,0.4,1.2,50,0
3,334,Altaria,dragon,flying,0.5,1,2,1,2,0.5,0.5,1,1,0.25,0,4,1,1,1,2,1,0.5,20.25,75,110,110,80,110,105,590,1.1,20.6,50,0
3,335,Zangoose,normal,,1,1,1,1,1,2,1,1,0,1,1,1,1,1,1,1,1,1,18,73,115,60,90,60,60,458,1.3,40.3,50,0
3,336,Seviper,poison,,0.5,1,1,1,0.5,0.5,1,1,1,0.5,2,1,1,0.5,2,1,1,1,17.5,73,100,60,65,100,60,458,2.7,52.5,50,0
3,337,Lunatone,rock,psychic,2,2,1,1,1,1,0.5,0.5,2,2,2,1,0.5,0.5,0.5,1,2,2,22.5,90,55,65,70,95,85,460,1,168,,0
3,338,Solrock,rock,psychic,2,2,1,1,1,1,0.5,0.5,2,2,2,1,0.5,0.5,0.5,1,2,2,22.5,90,95,85,70,55,65,460,1.2,154,,0
3,339,Barboach,water,ground,1,1,1,0,1,1,0.5,1,1,4,1,1,1,0.5,1,0.5,0.5,1,18,50,48,43,60,46,41,288,0.4,1.9,50,0
3,340,Whiscash,water,ground,1,1,1,0,1,1,0.5,1,1,4,1,1,1,0.5,1,0.5,0.5,1,18,110,78,73,60,76,71,468,0.9,23.6,50,0
3,341,Corphish,water,,1,1,1,2,1,1,0.5,1,1,2,1,0.5,1,1,1,1,0.5,0.5,18,43,80,65,35,50,35,308,0.6,11.5,50,0
3,342,Crawdaunt,water,dark,2,0.5,1,2,2,2,0.5,1,0.5,2,1,0.5,1,1,0,1,0.5,0.5,19,63,120,85,55,90,55,468,1.1,32.8,50,0
3,343,Baltoy,ground,psychic,2,2,1,0,1,0.5,1,1,2,2,1,2,1,0.5,0.5,0.5,1,2,21,40,40,55,55,40,70,300,0.5,21.5,,0
3,344,Claydol,ground,psychic,2,2,1,0,1,0.5,1,1,2,2,1,2,1,0.5,0.5,0.5,1,2,21,60,70,105,75,70,120,500,1.5,108,,0
3,345,Lileep,rock,grass,2,1,1,0.5,1,2,1,1,1,1,1,2,0.5,1,1,1,2,1,21,66,41,77,23,61,87,355,1,23.8,88.1,0
3,346,Cradily,rock,grass,2,1,1,0.5,1,2,1,1,1,1,1,2,0.5,1,1,1,2,1,21,86,81,97,43,81,107,495,1.5,60.4,88.1,0
3,347,Anorith,rock,bug,1,1,1,1,1,1,1,1,1,1,1,1,0.5,0.5,1,2,2,2,20,45,95,50,75,40,50,355,0.7,12.5,88.1,0
3,348,Armaldo,rock,bug,1,1,1,1,1,1,1,1,1,1,1,1,0.5,0.5,1,2,2,2,20,75,125,100,45,70,80,495,1.5,68.2,88.1,0
3,349,Feebas,water,,1,1,1,2,1,1,0.5,1,1,2,1,0.5,1,1,1,1,0.5,0.5,18,20,15,20,80,10,55,200,0.6,7.4,50,0
3,350,Milotic,water,,1,1,1,2,1,1,0.5,1,1,2,1,0.5,1,1,1,1,0.5,0.5,18,95,60,79,81,100,125,540,6.2,162,50,0
3,351,Castform,normal,,1,1,1,1,1,2,1,1,0,1,1,1,1,1,1,1,1,1,18,70,70,70,70,70,70,420,0.3,0.8,50,0
3,352,Kecleon,normal,,1,1,1,1,1,2,1,1,0,1,1,1,1,1,1,1,1,1,18,60,90,70,40,60,120,440,1,22,50,0
3,353,Shuppet,ghost,,0.5,2,1,1,1,0,1,1,2,1,1,1,0,0.5,1,1,1,1,17,44,75,35,45,63,33,295,0.6,2.3,50,0
3,354,Banette,ghost,,0.5,2,1,1,1,0,1,1,2,1,1,1,0,0.5,1,1,1,1,17,64,165,75,75,93,83,555,1.1,12.5,50,0
3,355,Duskull,ghost,,0.5,2,1,1,1,0,1,1,2,1,1,1,0,0.5,1,1,1,1,17,20,40,90,25,30,90,295,0.8,15,50,0
3,356,Dusclops,ghost,,0.5,2,1,1,1,0,1,1,2,1,1,1,0,0.5,1,1,1,1,17,40,70,130,25,60,130,455,1.6,30.6,50,0
3,357,Tropius,grass,flying,1,1,1,1,1,0.5,2,2,1,0.25,0,4,1,2,1,2,1,0.5,22.25,99,68,83,51,72,87,460,2,100,50,0
3,358,Chimecho,psychic,,2,2,1,1,1,0.5,1,1,2,1,1,1,1,1,0.5,1,1,1,20,75,50,80,65,95,90,455,0.6,1,50,0
3,359,Absol,dark,,2,0.5,1,1,2,2,1,1,0.5,1,1,1,1,1,0,1,1,1,19,65,150,60,115,115,60,565,1.2,47,50,0
3,360,Wynaut,psychic,,2,2,1,1,1,0.5,1,1,2,1,1,1,1,1,0.5,1,1,1,20,95,23,48,23,23,48,260,0.6,14,50,0
3,361,Snorunt,ice,,1,1,1,1,1,2,2,1,1,1,1,0.5,1,1,1,2,2,1,21.5,50,50,50,50,50,50,300,0.7,16.8,50,0
3,362,Glalie,ice,,1,1,1,1,1,2,2,1,1,1,1,0.5,1,1,1,2,2,1,21.5,80,120,80,100,120,80,580,1.5,256.5,50,0
3,363,Spheal,ice,water,1,1,1,2,1,2,1,1,1,2,1,0.25,1,1,1,2,1,0.5,20.75,70,40,50,25,55,50,290,0.8,39.5,50,0
3,364,Sealeo,ice,water,1,1,1,2,1,2,1,1,1,2,1,0.25,1,1,1,2,1,0.5,20.75,90,60,70,45,75,70,410,1.1,87.6,50,0
3,365,Walrein,ice,water,1,1,1,2,1,2,1,1,1,2,1,0.25,1,1,1,2,1,0.5,20.75,110,80,90,65,95,90,530,1.4,150.6,50,0
3,366,Clamperl,water,,1,1,1,2,1,1,0.5,1,1,2,1,0.5,1,1,1,1,0.5,0.5,18,35,64,85,32,74,55,345,0.4,52.5,50,0
3,367,Huntail,water,,1,1,1,2,1,1,0.5,1,1,2,1,0.5,1,1,1,1,0.5,0.5,18,55,104,105,52,94,75,485,1.7,27,50,0
3,368,Gorebyss,water,,1,1,1,2,1,1,0.5,1,1,2,1,0.5,1,1,1,1,0.5,0.5,18,55,84,105,52,114,75,485,1.8,22.6,50,0
3,369,Relicanth,water,rock,1,1,1,2,1,2,0.25,0.5,1,4,2,0.5,0.5,0.5,1,1,1,1,21.25,100,90,130,55,45,65,485,1,23.4,88.1,0
3,370,Luvdisc,water,,1,1,1,2,1,1,0.5,1,1,2,1,0.5,1,1,1,1,0.5,0.5,18,43,30,55,97,40,65,330,0.6,8.7,24.6,0
3,371,Bagon,dragon,,1,1,2,0.5,2,1,0.5,1,1,0.5,1,2,1,1,1,1,1,0.5,19,45,75,60,50,40,30,300,0.6,42.1,50,0
3,372,Shelgon,dragon,,1,1,2,0.5,2,1,0.5,1,1,0.5,1,2,1,1,1,1,1,0.5,19,65,95,100,50,60,50,420,1.1,110.5,50,0
3,373,Salamence,dragon,flying,0.5,1,2,1,2,0.5,0.5,1,1,0.25,0,4,1,1,1,2,1,0.5,20.25,95,145,130,120,120,90,700,1.5,102.6,50,0
3,374,Beldum,steel,psychic,1,2,0.5,1,0.5,1,2,0.5,2,0.5,2,0.5,0.5,0,0.25,0.5,0.5,1,16.25,40,55,80,30,35,60,300,0.6,95.2,,0
3,375,Metang,steel,psychic,1,2,0.5,1,0.5,1,2,0.5,2,0.5,2,0.5,0.5,0,0.25,0.5,0.5,1,16.25,60,75,100,50,55,80,420,1.2,202.5,,0
3,376,Metagross,steel,psychic,1,2,0.5,1,0.5,1,2,0.5,2,0.5,2,0.5,0.5,0,0.25,0.5,0.5,1,16.25,80,145,150,110,105,110,700,1.6,550,,0
3,377,Regirock,rock,,1,1,1,1,1,2,0.5,0.5,1,2,2,1,0.5,0.5,1,1,2,2,21,80,100,200,50,50,100,580,1.7,230,,1
3,378,Regice,ice,,1,1,1,1,1,2,2,1,1,1,1,0.5,1,1,1,2,2,1,21.5,80,50,100,50,100,200,580,1.8,175,,1
3,379,Registeel,steel,,0.5,1,0.5,1,0.5,2,2,0.5,1,0.5,2,0.5,0.5,0,0.5,0.5,0.5,1,15,80,75,150,50,75,150,580,1.9,205,,1
3,380,Latias,dragon,psychic,2,2,2,0.5,2,0.5,0.5,1,2,0.5,1,2,1,1,0.5,1,1,0.5,21,80,100,120,110,140,150,700,1.4,40,0,1
3,381,Latios,dragon,psychic,2,2,2,0.5,2,0.5,0.5,1,2,0.5,1,2,1,1,0.5,1,1,0.5,21,80,130,100,110,160,120,700,2,60,100,1
3,382,Kyogre,water,,1,1,1,2,1,1,0.5,1,1,2,1,0.5,1,1,1,1,0.5,0.5,18,100,150,90,90,180,160,770,4.5,352,,1
3,383,Groudon,ground,,1,1,1,0,1,1,1,1,1,2,1,2,1,0.5,1,0.5,1,2,19,100,180,160,90,150,90,770,3.5,950,,1
3,384,Rayquaza,dragon,flying,0.5,1,2,1,2,0.5,0.5,1,1,0.25,0,4,1,1,1,2,1,0.5,20.25,105,180,100,115,180,100,780,7,206.5,,1
3,385,Jirachi,steel,psychic,1,2,0.5,1,0.5,1,2,0.5,2,0.5,2,0.5,0.5,0,0.25,0.5,0.5,1,16.25,100,100,100,100,100,100,600,0.3,1.1,,1
3,386,Deoxys,psychic,,2,2,1,1,1,0.5,1,1,2,1,1,1,1,1,0.5,1,1,1,20,50,95,90,180,95,90,600,1.7,60.8,,1
4,387,Turtwig,grass,,2,1,1,0.5,1,1,2,2,1,0.5,0.5,2,1,2,1,1,1,0.5,21,55,68,64,31,45,55,318,0.4,10.2,88.1,0
4,388,Grotle,grass,,2,1,1,0.5,1,1,2,2,1,0.5,0.5,2,1,2,1,1,1,0.5,21,75,89,85,36,55,65,405,1.1,97,88.1,0
4,389,Torterra,grass,ground,2,1,1,0,1,1,2,2,1,1,0.5,4,1,1,1,0.5,1,1,22,95,109,105,56,75,85,525,2.2,310,88.1,0
4,390,Chimchar,fire,,0.5,1,1,1,0.5,1,0.5,1,1,0.5,2,0.5,1,1,1,2,0.5,2,18,44,58,44,61,58,44,309,0.5,6.2,88.1,0
4,391,Monferno,fire,fighting,0.25,0.5,1,1,1,1,0.5,2,1,0.5,2,0.5,1,1,2,1,0.5,2,18.75,64,78,52,81,78,52,405,0.9,22,88.1,0
4,392,Infernape,fire,fighting,0.25,0.5,1,1,1,1,0.5,2,1,0.5,2,0.5,1,1,2,1,0.5,2,18.75,76,104,71,108,104,71,534,1.2,55,88.1,0
4,393,Piplup,water,,1,1,1,2,1,1,0.5,1,1,2,1,0.5,1,1,1,1,0.5,0.5,18,53,51,53,40,61,56,314,0.4,5.2,88.1,0
4,394,Prinplup,water,,1,1,1,2,1,1,0.5,1,1,2,1,0.5,1,1,1,1,0.5,0.5,18,64,66,68,50,81,76,405,0.8,23,88.1,0
4,395,Empoleon,water,steel,0.5,1,0.5,2,0.5,2,1,0.5,1,1,2,0.25,0.5,0,0.5,0.5,0.25,0.5,14.5,84,86,88,60,111,101,530,1.7,84.5,88.1,0
4,396,Starly,normal,flying,0.5,1,1,2,1,1,1,1,0,0.5,0,2,1,1,1,2,1,1,18,40,55,30,60,30,30,245,0.3,2,50,0
4,397,Staravia,normal,flying,0.5,1,1,2,1,1,1,1,0,0.5,0,2,1,1,1,2,1,1,18,55,75,50,80,40,40,340,0.6,15.5,50,0
4,398,Staraptor,normal,flying,0.5,1,1,2,1,1,1,1,0,0.5,0,2,1,1,1,2,1,1,18,85,120,70,100,50,60,485,1.2,24.9,50,0
4,399,Bidoof,normal,,1,1,1,1,1,2,1,1,0,1,1,1,1,1,1,1,1,1,18,59,45,40,31,35,40,250,0.5,20,50,0
4,400,Bibarel,normal,water,1,1,1,2,1,2,0.5,1,0,2,1,0.5,1,1,1,1,0.5,0.5,18,79,85,60,71,55,60,410,1,31.5,50,0
4,401,Kricketot,bug,,1,1,1,1,1,0.5,2,2,1,0.5,0.5,1,1,1,1,2,1,1,19.5,37,25,41,25,25,41,194,0.3,2.2,50,0
4,402,Kricketune,bug,,1,1,1,1,1,0.5,2,2,1,0.5,0.5,1,1,1,1,2,1,1,19.5,77,85,51,65,55,51,384,1,25.5,50,0
4,403,Shinx,electric,,1,1,1,0.5,1,1,1,0.5,1,1,2,1,1,1,1,1,0.5,1,17.5,45,65,34,45,40,34,263,0.5,9.5,50,0
4,404,Luxio,electric,,1,1,1,0.5,1,1,1,0.5,1,1,2,1,1,1,1,1,0.5,1,17.5,60,85,49,60,60,49,363,0.9,30.5,50,0
4,405,Luxray,electric,,1,1,1,0.5,1,1,1,0.5,1,1,2,1,1,1,1,1,0.5,1,17.5,80,120,79,70,95,79,523,1.4,42,50,0
4,406,Budew,grass,poison,1,1,1,0.5,0.5,0.5,2,2,1,0.25,1,2,1,1,2,1,1,0.5,19.25,40,30,35,55,50,70,280,0.2,1.2,50,0
4,407,Roserade,grass,poison,1,1,1,0.5,0.5,0.5,2,2,1,0.25,1,2,1,1,2,1,1,0.5,19.25,60,70,65,90,125,105,515,0.9,14.5,50,0
4,408,Cranidos,rock,,1,1,1,1,1,2,0.5,0.5,1,2,2,1,0.5,0.5,1,1,2,2,21,67,125,40,58,30,30,350,0.9,31.5,88.1,0
4,409,Rampardos,rock,,1,1,1,1,1,2,0.5,0.5,1,2,2,1,0.5,0.5,1,1,2,2,21,97,165,60,58,65,50,495,1.6,102.5,88.1,0
4,410,Shieldon,rock,steel,0.5,1,0.5,1,0.5,4,1,0.25,1,1,4,0.5,0.25,0,0.5,0.5,1,2,19.5,30,42,118,30,42,88,350,0.5,57,88.1,0
4,411,Bastiodon,rock,steel,0.5,1,0.5,1,0.5,4,1,0.25,1,1,4,0.5,0.25,0,0.5,0.5,1,2,19.5,60,52,168,30,47,138,495,1.3,149.5,88.1,0
4,412,Burmy,bug,,1,1,1,1,1,0.5,2,2,1,0.5,0.5,1,1,1,1,2,1,1,19.5,40,29,45,36,29,45,224,0.2,3.4,50,0
4,413,Wormadam,bug,grass,2,1,1,0.5,1,0.5,4,4,1,0.25,0.25,2,1,2,1,2,1,0.5,25,60,69,95,36,69,95,424,0.5,6.5,0,0
4,414,Mothim,bug,flying,0.5,1,1,2,1,0.25,2,2,1,0.25,0,2,1,1,1,4,1,1,22,70,94,50,66,94,50,424,0.9,23.3,100,0
4,415,Combee,bug,flying,0.5,1,1,2,1,0.25,2,2,1,0.25,0,2,1,1,1,4,1,1,22,30,30,42,70,30,42,244,0.3,5.5,88.1,0
4,416,Vespiquen,bug,flying,0.5,1,1,2,1,0.25,2,2,1,0.25,0,2,1,1,1,4,1,1,22,70,80,102,40,80,102,474,1.2,38.5,0,0
4,417,Pachirisu,electric,,1,1,1,0.5,1,1,1,0.5,1,1,2,1,1,1,1,1,0.5,1,17.5,60,45,70,95,45,90,405,0.4,3.9,50,0
4,418,Buizel,water,,1,1,1,2,1,1,0.5,1,1,2,1,0.5,1,1,1,1,0.5,0.5,18,55,65,35,85,60,30,330,0.7,29.5,50,0
4,419,Floatzel,water,,1,1,1,2,1,1,0.5,1,1,2,1,0.5,1,1,1,1,0.5,0.5,18,85,105,55,115,85,50,495,1.1,33.5,50,0
4,420,Cherubi,grass,,2,1,1,0.5,1,1,2,2,1,0.5,0.5,2,1,2,1,1,1,0.5,21,45,35,45,35,62,53,275,0.4,3.3,50,0
4,421,Cherrim,grass,,2,1,1,0.5,1,1,2,2,1,0.5,0.5,2,1,2,1,1,1,0.5,21,70,60,70,85,87,78,450,0.5,9.3,50,0
4,422,Shellos,water,,1,1,1,2,1,1,0.5,1,1,2,1,0.5,1,1,1,1,0.5,0.5,18,76,48,48,34,57,62,325,0.3,6.3,50,0
4,423,Gastrodon,water,ground,1,1,1,0,1,1,0.5,1,1,4,1,1,1,0.5,1,0.5,0.5,1,18,111,83,68,39,92,82,475,0.9,29.9,50,0
4,424,Ambipom,normal,,1,1,1,1,1,2,1,1,0,1,1,1,1,1,1,1,1,1,18,75,100,66,115,60,66,482,1.2,20.3,50,0
4,425,Drifloon,ghost,flying,0.25,2,1,2,1,0,1,1,2,0.5,0,2,0,0.5,1,2,1,1,18.25,90,50,34,70,60,44,348,0.4,1.2,50,0
4,426,Drifblim,ghost,flying,0.25,2,1,2,1,0,1,1,2,0.5,0,2,0,0.5,1,2,1,1,18.25,150,80,44,80,90,54,498,1.2,15,50,0
4,427,Buneary,normal,,1,1,1,1,1,2,1,1,0,1,1,1,1,1,1,1,1,1,18,55,66,44,85,44,56,350,0.4,5.5,50,0
4,428,Lopunny,normal,,1,1,1,1,1,2,1,1,0,1,1,1,1,1,1,1,1,1,18,65,136,94,135,54,96,580,1.2,33.3,50,0
4,429,Mismagius,ghost,,0.5,2,1,1,1,0,1,1,2,1,1,1,0,0.5,1,1,1,1,17,60,60,60,105,105,105,495,0.9,4.4,50,0
4,430,Honchkrow,dark,flying,1,0.5,1,2,2,1,1,1,0.5,0.5,0,2,1,1,0,2,1,1,18.5,100,125,52,71,105,52,505,0.9,27.3,50,0
4,431,Glameow,normal,,1,1,1,1,1,2,1,1,0,1,1,1,1,1,1,1,1,1,18,49,55,42,85,42,37,310,0.5,3.9,24.6,0
4,432,Purugly,normal,,1,1,1,1,1,2,1,1,0,1,1,1,1,1,1,1,1,1,18,71,82,64,112,64,59,452,1,43.8,24.6,0
4,433,Chingling,psychic,,2,2,1,1,1,0.5,1,1,2,1,1,1,1,1,0.5,1,1,1,20,45,30,50,45,65,50,285,0.2,0.6,50,0
4,434,Stunky,poison,dark,1,0.5,1,1,1,1,1,1,0.5,0.5,2,1,1,0.5,0,1,1,1,16,63,63,47,74,41,41,329,0.4,19.2,50,0
4,435,Skuntank,poison,dark,1,0.5,1,1,1,1,1,1,0.5,0.5,2,1,1,0.5,0,1,1,1,16,103,93,67,84,71,61,479,1,38,50,0
4,436,Bronzor,steel,psychic,1,2,0.5,1,0.5,1,2,0.5,2,0.5,2,0.5,0.5,0,0.25,0.5,0.5,1,16.25,57,24,86,23,24,86,300,0.5,60.5,,0
4,437,Bronzong,steel,psychic,1,2,0.5,1,0.5,1,2,0.5,2,0.5,2,0.5,0.5,0,0.25,0.5,0.5,1,16.25,67,89,116,33,79,116,500,1.3,187,,0
4,438,Bonsly,rock,,1,1,1,1,1,2,0.5,0.5,1,2,2,1,0.5,0.5,1,1,2,2,21,50,80,95,10,10,45,290,0.5,15,50,0
4,439,Mime Jr.,psychic,fairy,1,1,0,1,1,0.25,1,1,2,1,1,1,1,2,0.5,1,2,1,18.75,20,25,45,60,70,90,310,0.6,13,50,0
4,440,Happiny,normal,,1,1,1,1,1,2,1,1,0,1,1,1,1,1,1,1,1,1,18,100,5,5,30,15,65,220,0.6,24.4,0,0
4,441,Chatot,normal,flying,0.5,1,1,2,1,1,1,1,0,0.5,0,2,1,1,1,2,1,1,18,76,65,45,91,92,42,411,0.5,1.9,50,0
4,442,Spiritomb,ghost,dark,1,1,1,1,2,0,1,1,1,1,1,1,0,0.5,0,1,1,1,15.5,50,92,108,35,92,108,485,1,108,50,0
4,443,Gible,dragon,ground,1,1,2,0,2,1,0.5,1,1,1,1,4,1,0.5,1,0.5,1,1,20.5,58,70,45,42,40,45,300,0.7,20.5,50,0
4,444,Gabite,dragon,ground,1,1,2,0,2,1,0.5,1,1,1,1,4,1,0.5,1,0.5,1,1,20.5,68,90,65,82,50,55,410,1.4,56,50,0
4,445,Garchomp,dragon,ground,1,1,2,0,2,1,0.5,1,1,1,1,4,1,0.5,1,0.5,1,1,20.5,108,170,115,92,120,95,700,1.9,95,50,0
4,446,Munchlax,normal,,1,1,1,1,1,2,1,1,0,1,1,1,1,1,1,1,1,1,18,135,85,40,5,40,85,390,0.6,105,88.1,0
4,447,Riolu,fighting,,0.5,0.5,1,1,2,1,1,2,1,1,1,1,1,1,2,0.5,1,1,19.5,40,70,40,60,35,40,285,0.7,20.2,88.1,0
4,448,Lucario,fighting,steel,0.25,0.5,0.5,1,1,2,2,1,1,0.5,2,0.5,0.5,0,1,0.25,0.5,1,15.5,70,145,88,112,140,70,625,1.2,54,88.1,0
4,449,Hippopotas,ground,,1,1,1,0,1,1,1,1,1,2,1,2,1,0.5,1,0.5,1,2,19,68,72,78,32,38,42,330,0.8,49.5,50,0
4,450,Hippowdon,ground,,1,1,1,0,1,1,1,1,1,2,1,2,1,0.5,1,0.5,1,2,19,108,112,118,47,68,72,525,2,300,50,0
4,451,Skorupi,poison,bug,0.5,1,1,1,0.5,0.25,2,2,1,0.25,1,1,1,0.5,2,2,1,1,19,40,50,90,65,30,55,330,0.8,12,50,0
4,452,Drapion,poison,dark,1,0.5,1,1,1,1,1,1,0.5,0.5,2,1,1,0.5,0,1,1,1,16,70,90,110,95,60,75,500,1.3,61.5,50,0
4,453,Croagunk,poison,fighting,0.25,0.5,1,1,1,0.5,1,2,1,0.5,2,1,1,0.5,4,0.5,1,1,19.75,48,61,40,50,61,40,300,0.7,23,50,0
4,454,Toxicroak,poison,fighting,0.25,0.5,1,1,1,0.5,1,2,1,0.5,2,1,1,0.5,4,0.5,1,1,19.75,83,106,65,85,86,65,490,1.3,44.4,50,0
4,455,Carnivine,grass,,2,1,1,0.5,1,1,2,2,1,0.5,0.5,2,1,2,1,1,1,0.5,21,74,100,72,46,90,72,454,1.4,27,50,0
4,456,Finneon,water,,1,1,1,2,1,1,0.5,1,1,2,1,0.5,1,1,1,1,0.5,0.5,18,49,49,56,66,49,61,330,0.4,7,50,0
4,457,Lumineon,water,,1,1,1,2,1,1,0.5,1,1,2,1,0.5,1,1,1,1,0.5,0.5,18,69,69,76,91,69,86,460,1.2,24,50,0
4,458,Mantyke,water,flying,0.5,1,1,4,1,0.5,0.5,1,1,1,0,1,1,1,1,2,0.5,0.5,18.5,45,20,50,50,60,120,345,1,65,50,0
4,459,Snover,grass,ice,2,1,1,0.5,1,2,4,2,1,0.5,0.5,1,1,2,1,2,2,0.5,25,60,62,50,40,62,60,334,1,50.5,50,0
4,460,Abomasnow,grass,ice,2,1,1,0.5,1,2,4,2,1,0.5,0.5,1,1,2,1,2,2,0.5,25,90,132,105,30,132,105,594,2.2,135.5,50,0
4,461,Weavile,dark,ice,2,0.5,1,1,2,4,2,1,0.5,1,1,0.5,1,1,0,2,2,1,23.5,70,120,65,125,45,85,510,1.1,34,50,0
4,462,Magnezone,electric,steel,0.5,1,0.5,0.5,0.5,2,2,0.25,1,0.5,4,0.5,0.5,0,0.5,0.5,0.25,1,16,70,70,115,60,130,90,535,1.2,180,,0
4,463,Lickilicky,normal,,1,1,1,1,1,2,1,1,0,1,1,1,1,1,1,1,1,1,18,110,85,95,50,80,95,515,1.7,140,50,0
4,464,Rhyperior,ground,rock,1,1,1,0,1,2,0.5,0.5,1,4,2,2,0.5,0.25,1,0.5,2,4,24.25,115,140,130,40,55,55,535,2.4,282.8,50,0
4,465,Tangrowth,grass,,2,1,1,0.5,1,1,2,2,1,0.5,0.5,2,1,2,1,1,1,0.5,21,100,100,125,50,110,50,535,2,128.6,50,0
4,466,Electivire,electric,,1,1,1,0.5,1,1,1,0.5,1,1,2,1,1,1,1,1,0.5,1,17.5,75,123,67,95,95,85,540,1.8,138.6,75.4,0
4,467,Magmortar,fire,,0.5,1,1,1,0.5,1,0.5,1,1,0.5,2,0.5,1,1,1,2,0.5,2,18,75,95,67,83,125,95,540,1.6,68,75.4,0
4,468,Togekiss,fairy,flying,0.25,0.5,0,2,1,0.25,1,1,1,0.5,0,2,1,2,1,2,2,1,18.5,85,50,95,80,120,115,545,1.5,38,88.1,0
4,469,Yanmega,bug,flying,0.5,1,1,2,1,0.25,2,2,1,0.25,0,2,1,1,1,4,1,1,22,86,76,86,95,116,56,515,1.9,51.5,50,0
4,470,Leafeon,grass,,2,1,1,0.5,1,1,2,2,1,0.5,0.5,2,1,2,1,1,1,0.5,21,65,110,130,95,60,65,525,1,25.5,88.1,0
4,471,Glaceon,ice,,1,1,1,1,1,2,2,1,1,1,1,0.5,1,1,1,2,2,1,21.5,65,60,110,65,130,95,525,0.8,25.9,88.1,0
4,472,Gliscor,ground,flying,0.5,1,1,0,1,0.5,1,1,1,1,0,4,1,0.5,1,1,1,2,18.5,75,95,125,95,45,75,510,2,42.5,50,0
4,473,Mamoswine,ice,ground,1,1,1,0,1,2,2,1,1,2,1,1,1,0.5,1,1,2,2,21.5,110,130,80,80,70,60,530,2.5,291,50,0
4,474,Porygon-Z,normal,,1,1,1,1,1,2,1,1,0,1,1,1,1,1,1,1,1,1,18,85,80,70,90,135,75,535,0.9,34,,0
4,475,Gallade,psychic,fighting,1,1,1,1,2,0.5,1,2,2,1,1,1,1,1,1,0.5,1,1,20,68,165,95,110,65,115,618,1.6,52,100,0
4,476,Probopass,rock,steel,0.5,1,0.5,1,0.5,4,1,0.25,1,1,4,0.5,0.25,0,0.5,0.5,1,2,19.5,60,55,145,40,75,150,525,1.4,340,50,0
4,477,Dusknoir,ghost,,0.5,2,1,1,1,0,1,1,2,1,1,1,0,0.5,1,1,1,1,17,45,100,135,45,65,135,525,2.2,106.6,50,0
4,478,Froslass,ice,ghost,0.5,2,1,1,1,0,2,1,2,1,1,0.5,0,0.5,1,2,2,1,19.5,70,80,70,110,80,70,480,1.3,26.6,0,0
4,479,Rotom,electric,ghost,0.5,2,1,0.5,1,0,1,0.5,2,1,2,1,0,0.5,1,1,0.5,1,16.5,50,65,107,86,105,107,520,0.3,0.3,,0
4,480,Uxie,psychic,,2,2,1,1,1,0.5,1,1,2,1,1,1,1,1,0.5,1,1,1,20,75,75,130,95,75,130,580,0.3,0.3,,1
4,481,Mesprit,psychic,,2,2,1,1,1,0.5,1,1,2,1,1,1,1,1,0.5,1,1,1,20,80,105,105,80,105,105,580,0.3,0.3,,1
4,482,Azelf,psychic,,2,2,1,1,1,0.5,1,1,2,1,1,1,1,1,0.5,1,1,1,20,75,125,70,115,125,70,580,0.3,0.3,,1
4,483,Dialga,steel,dragon,0.5,1,1,0.5,1,2,1,0.5,1,0.25,2,1,0.5,0,0.5,0.5,0.5,0.5,14.25,100,120,120,90,150,100,680,5.4,683,,1
4,484,Palkia,water,dragon,1,1,2,1,2,1,0.25,1,1,1,1,1,1,1,1,1,0.5,0.25,18,90,120,100,100,150,120,680,4.2,336,,1
4,485,Heatran,fire,steel,0.25,1,0.5,1,0.25,2,1,0.5,1,0.25,4,0.25,0.5,0,0.5,1,0.25,2,16.25,91,90,106,77,130,106,600,1.7,430,50,1
4,486,Regigigas,normal,,1,1,1,1,1,2,1,1,0,1,1,1,1,1,1,1,1,1,18,110,160,110,100,80,110,670,3.7,420,,1
4,487,Giratina,ghost,dragon,0.5,2,2,0.5,2,0,0.5,1,2,0.5,1,2,0,0.5,1,1,1,0.5,18,150,120,100,90,120,100,680,4.5,750,,1
4,488,Cresselia,psychic,,2,2,1,1,1,0.5,1,1,2,1,1,1,1,1,0.5,1,1,1,20,120,70,120,85,75,130,600,1.5,85.6,0,1
4,489,Phione,water,,1,1,1,2,1,1,0.5,1,1,2,1,0.5,1,1,1,1,0.5,0.5,18,80,80,80,80,80,80,480,0.4,3.1,,0
4,490,Manaphy,water,,1,1,1,2,1,1,0.5,1,1,2,1,0.5,1,1,1,1,0.5,0.5,18,100,100,100,100,100,100,600,0.3,1.4,,1
4,491,Darkrai,dark,,2,0.5,1,1,2,2,1,1,0.5,1,1,1,1,1,0,1,1,1,19,70,90,90,125,135,90,600,1.5,50.5,,1
4,492,Shaymin,grass,grass,2,1,1,0.5,1,1,2,2,1,0.5,0.5,2,1,2,1,1,1,0.5,21,100,103,75,127,120,75,600,0.2,2.1,,1
4,493,Arceus,normal,,1,1,1,1,1,2,1,1,0,1,1,1,1,1,1,1,1,1,18,120,120,120,120,120,120,720,3.2,320,,1
5,494,Victini,psychic,fire,1,2,1,1,0.5,0.5,0.5,1,2,0.5,2,0.5,1,1,0.5,2,0.5,2,19.5,100,100,100,100,100,100,600,0.4,4,,1
5,495,Snivy,grass,,2,1,1,0.5,1,1,2,2,1,0.5,0.5,2,1,2,1,1,1,0.5,21,45,45,55,63,45,55,308,0.6,8.1,88.1,0
5,496,Servine,grass,,2,1,1,0.5,1,1,2,2,1,0.5,0.5,2,1,2,1,1,1,0.5,21,60,60,75,83,60,75,413,0.8,16,88.1,0
5,497,Serperior,grass,,2,1,1,0.5,1,1,2,2,1,0.5,0.5,2,1,2,1,1,1,0.5,21,75,75,95,113,75,95,528,3.3,63,88.1,0
5,498,Tepig,fire,,0.5,1,1,1,0.5,1,0.5,1,1,0.5,2,0.5,1,1,1,2,0.5,2,18,65,63,45,45,45,45,308,0.5,9.9,88.1,0
5,499,Pignite,fire,fighting,0.25,0.5,1,1,1,1,0.5,2,1,0.5,2,0.5,1,1,2,1,0.5,2,18.75,90,93,55,55,70,55,418,1,55.5,88.1,0
5,500,Emboar,fire,fighting,0.25,0.5,1,1,1,1,0.5,2,1,0.5,2,0.5,1,1,2,1,0.5,2,18.75,110,123,65,65,100,65,528,1.6,150,88.1,0
5,501,Oshawott,water,,1,1,1,2,1,1,0.5,1,1,2,1,0.5,1,1,1,1,0.5,0.5,18,55,55,45,45,63,45,308,0.5,5.9,88.1,0
5,502,Dewott,water,,1,1,1,2,1,1,0.5,1,1,2,1,0.5,1,1,1,1,0.5,0.5,18,75,75,60,60,83,60,413,0.8,24.5,88.1,0
5,503,Samurott,water,,1,1,1,2,1,1,0.5,1,1,2,1,0.5,1,1,1,1,0.5,0.5,18,95,100,85,70,108,70,528,1.5,94.6,88.1,0
5,504,Patrat,normal,,1,1,1,1,1,2,1,1,0,1,1,1,1,1,1,1,1,1,18,45,55,39,42,35,39,255,0.5,11.6,50,0
5,505,Watchog,normal,,1,1,1,1,1,2,1,1,0,1,1,1,1,1,1,1,1,1,18,60,85,69,77,60,69,420,1.1,27,50,0
5,506,Lillipup,normal,,1,1,1,1,1,2,1,1,0,1,1,1,1,1,1,1,1,1,18,45,60,45,55,25,45,275,0.4,4.1,50,0
5,507,Herdier,normal,,1,1,1,1,1,2,1,1,0,1,1,1,1,1,1,1,1,1,18,65,80,65,60,35,65,370,0.9,14.7,50,0
5,508,Stoutland,normal,,1,1,1,1,1,2,1,1,0,1,1,1,1,1,1,1,1,1,18,85,110,90,80,45,90,500,1.2,61,50,0
5,509,Purrloin,dark,,2,0.5,1,1,2,2,1,1,0.5,1,1,1,1,1,0,1,1,1,19,41,50,37,66,50,37,281,0.4,10.1,50,0
5,510,Liepard,dark,,2,0.5,1,1,2,2,1,1,0.5,1,1,1,1,1,0,1,1,1,19,64,88,50,106,88,50,446,1.1,37.5,50,0
5,511,Pansage,grass,,2,1,1,0.5,1,1,2,2,1,0.5,0.5,2,1,2,1,1,1,0.5,21,50,53,48,64,53,48,316,0.6,10.5,88.1,0
5,512,Simisage,grass,,2,1,1,0.5,1,1,2,2,1,0.5,0.5,2,1,2,1,1,1,0.5,21,75,98,63,101,98,63,498,1.1,30.5,88.1,0
5,513,Pansear,fire,,0.5,1,1,1,0.5,1,0.5,1,1,0.5,2,0.5,1,1,1,2,0.5,2,18,50,53,48,64,53,48,316,0.6,11,88.1,0
5,514,Simisear,fire,,0.5,1,1,1,0.5,1,0.5,1,1,0.5,2,0.5,1,1,1,2,0.5,2,18,75,98,63,101,98,63,498,1,28,88.1,0
5,515,Panpour,water,,1,1,1,2,1,1,0.5,1,1,2,1,0.5,1,1,1,1,0.5,0.5,18,50,53,48,64,53,48,316,0.6,13.5,88.1,0
5,516,Simipour,water,,1,1,1,2,1,1,0.5,1,1,2,1,0.5,1,1,1,1,0.5,0.5,18,75,98,63,101,98,63,498,1,29,88.1,0
5,517,Munna,psychic,,2,2,1,1,1,0.5,1,1,2,1,1,1,1,1,0.5,1,1,1,20,76,25,45,24,67,55,292,0.6,23.3,50,0
5,518,Musharna,psychic,,2,2,1,1,1,0.5,1,1,2,1,1,1,1,1,0.5,1,1,1,20,116,55,85,29,107,95,487,1.1,60.5,50,0
5,519,Pidove,normal,flying,0.5,1,1,2,1,1,1,1,0,0.5,0,2,1,1,1,2,1,1,18,50,55,50,43,36,30,264,0.3,2.1,50,0
5,520,Tranquill,normal,flying,0.5,1,1,2,1,1,1,1,0,0.5,0,2,1,1,1,2,1,1,18,62,77,62,65,50,42,358,0.6,15,50,0
5,521,Unfezant,normal,flying,0.5,1,1,2,1,1,1,1,0,0.5,0,2,1,1,1,2,1,1,18,80,115,80,93,65,55,488,1.2,29,50,0
5,522,Blitzle,electric,,1,1,1,0.5,1,1,1,0.5,1,1,2,1,1,1,1,1,0.5,1,17.5,45,60,32,76,50,32,295,0.8,29.8,50,0
5,523,Zebstrika,electric,,1,1,1,0.5,1,1,1,0.5,1,1,2,1,1,1,1,1,0.5,1,17.5,75,100,63,116,80,63,497,1.6,79.5,50,0
5,524,Roggenrola,rock,,1,1,1,1,1,2,0.5,0.5,1,2,2,1,0.5,0.5,1,1,2,2,21,55,75,85,15,25,25,280,0.4,18,50,0
5,525,Boldore,rock,,1,1,1,1,1,2,0.5,0.5,1,2,2,1,0.5,0.5,1,1,2,2,21,70,105,105,20,50,40,390,0.9,102,50,0
5,526,Gigalith,rock,,1,1,1,1,1,2,0.5,0.5,1,2,2,1,0.5,0.5,1,1,2,2,21,85,135,130,25,60,80,515,1.7,260,50,0
5,527,Woobat,psychic,flying,1,2,1,2,1,0.25,1,1,2,0.5,0,2,1,1,0.5,2,1,1,20.25,65,45,43,72,55,43,323,0.4,2.1,50,0
5,528,Swoobat,psychic,flying,1,2,1,2,1,0.25,1,1,2,0.5,0,2,1,1,0.5,2,1,1,20.25,67,57,55,114,77,55,425,0.9,10.5,50,0
5,529,Drilbur,ground,,1,1,1,0,1,1,1,1,1,2,1,2,1,0.5,1,0.5,1,2,19,60,85,40,68,30,45,328,0.3,8.5,50,0
5,530,Excadrill,ground,steel,0.5,1,0.5,0,0.5,2,2,0.5,1,1,2,1,0.5,0,0.5,0.25,0.5,2,15.75,110,135,60,88,50,65,508,0.7,40.4,50,0
5,531,Audino,normal,,1,1,1,1,1,2,1,1,0,1,1,1,1,1,1,1,1,1,18,103,60,126,50,80,126,545,1.1,31,50,0
5,532,Timburr,fighting,,0.5,0.5,1,1,2,1,1,2,1,1,1,1,1,1,2,0.5,1,1,19.5,75,80,55,35,25,35,305,0.6,12.5,75.4,0
5,533,Gurdurr,fighting,,0.5,0.5,1,1,2,1,1,2,1,1,1,1,1,1,2,0.5,1,1,19.5,85,105,85,40,40,50,405,1.2,40,75.4,0
5,534,Conkeldurr,fighting,,0.5,0.5,1,1,2,1,1,2,1,1,1,1,1,1,2,0.5,1,1,19.5,105,140,95,45,55,65,505,1.4,87,75.4,0
5,535,Tympole,water,,1,1,1,2,1,1,0.5,1,1,2,1,0.5,1,1,1,1,0.5,0.5,18,50,50,40,64,50,40,294,0.5,4.5,50,0
5,536,Palpitoad,water,ground,1,1,1,0,1,1,0.5,1,1,4,1,1,1,0.5,1,0.5,0.5,1,18,75,65,55,69,65,55,384,0.8,17,50,0
5,537,Seismitoad,water,ground,1,1,1,0,1,1,0.5,1,1,4,1,1,1,0.5,1,0.5,0.5,1,18,105,95,75,74,85,75,509,1.5,62,50,0
5,538,Throh,fighting,,0.5,0.5,1,1,2,1,1,2,1,1,1,1,1,1,2,0.5,1,1,19.5,120,100,85,45,30,85,465,1.3,55.5,100,0
5,539,Sawk,fighting,,0.5,0.5,1,1,2,1,1,2,1,1,1,1,1,1,2,0.5,1,1,19.5,75,125,75,85,30,75,465,1.4,51,100,0
5,540,Sewaddle,bug,grass,2,1,1,0.5,1,0.5,4,4,1,0.25,0.25,2,1,2,1,2,1,0.5,25,45,53,70,42,40,60,310,0.3,2.5,50,0
5,541,Swadloon,bug,grass,2,1,1,0.5,1,0.5,4,4,1,0.25,0.25,2,1,2,1,2,1,0.5,25,55,63,90,42,50,80,380,0.5,7.3,50,0
5,542,Leavanny,bug,grass,2,1,1,0.5,1,0.5,4,4,1,0.25,0.25,2,1,2,1,2,1,0.5,25,75,103,80,92,70,80,500,1.2,20.5,50,0
5,543,Venipede,bug,poison,0.5,1,1,1,0.5,0.25,2,2,1,0.25,1,1,1,0.5,2,2,1,1,19,30,45,59,57,30,39,260,0.4,5.3,50,0
5,544,Whirlipede,bug,poison,0.5,1,1,1,0.5,0.25,2,2,1,0.25,1,1,1,0.5,2,2,1,1,19,40,55,99,47,40,79,360,1.2,58.5,50,0
5,545,Scolipede,bug,poison,0.5,1,1,1,0.5,0.25,2,2,1,0.25,1,1,1,0.5,2,2,1,1,19,60,100,89,112,55,69,485,2.5,200.5,50,0
5,546,Cottonee,grass,fairy,1,0.5,0,0.5,1,0.5,2,2,1,0.5,0.5,2,1,4,1,1,2,0.5,21,40,27,60,66,37,50,280,0.3,0.6,50,0
5,547,Whimsicott,grass,fairy,1,0.5,0,0.5,1,0.5,2,2,1,0.5,0.5,2,1,4,1,1,2,0.5,21,60,67,85,116,77,75,480,0.7,6.6,50,0
5,548,Petilil,grass,,2,1,1,0.5,1,1,2,2,1,0.5,0.5,2,1,2,1,1,1,0.5,21,45,35,50,30,70,50,280,0.5,6.6,0,0
5,549,Lilligant,grass,,2,1,1,0.5,1,1,2,2,1,0.5,0.5,2,1,2,1,1,1,0.5,21,70,60,75,90,110,75,480,1.1,16.3,0,0
5,550,Basculin,water,,1,1,1,2,1,1,0.5,1,1,2,1,0.5,1,1,1,1,0.5,0.5,18,70,92,65,98,80,55,460,1,18,50,0
5,551,Sandile,ground,dark,2,0.5,1,0,2,2,1,1,0.5,2,1,2,1,0.5,0,0.5,1,2,20,50,72,35,65,35,35,292,0.7,15.2,50,0
5,552,Krokorok,ground,dark,2,0.5,1,0,2,2,1,1,0.5,2,1,2,1,0.5,0,0.5,1,2,20,60,82,45,74,45,45,351,1,33.4,50,0
5,553,Krookodile,ground,dark,2,0.5,1,0,2,2,1,1,0.5,2,1,2,1,0.5,0,0.5,1,2,20,95,117,80,92,65,70,519,1.5,96.3,50,0
5,554,Darumaka,fire,,0.5,1,1,1,0.5,1,0.5,1,1,0.5,2,0.5,1,1,1,2,0.5,2,18,70,90,45,50,15,45,315,0.6,37.5,50,0
5,555,Darmanitan,fire,fire,0.5,1,1,1,0.5,1,0.5,1,1,0.5,2,0.5,1,1,1,2,0.5,2,18,105,30,105,55,140,105,540,1.3,92.9,50,0
5,556,Maractus,grass,,2,1,1,0.5,1,1,2,2,1,0.5,0.5,2,1,2,1,1,1,0.5,21,75,86,67,60,106,67,461,1,28,50,0
5,557,Dwebble,bug,rock,1,1,1,1,1,1,1,1,1,1,1,1,0.5,0.5,1,2,2,2,20,50,65,85,55,35,35,325,0.3,14.5,50,0
5,558,Crustle,bug,rock,1,1,1,1,1,1,1,1,1,1,1,1,0.5,0.5,1,2,2,2,20,70,105,125,45,65,75,485,1.4,200,50,0
5,559,Scraggy,dark,fighting,1,0.25,1,1,4,2,1,2,0.5,1,1,1,1,1,0,0.5,1,1,20.25,50,75,70,48,35,70,348,0.6,11.8,50,0
5,560,Scrafty,dark,fighting,1,0.25,1,1,4,2,1,2,0.5,1,1,1,1,1,0,0.5,1,1,20.25,65,90,115,58,45,115,488,1.1,30,50,0
5,561,Sigilyph,psychic,flying,1,2,1,2,1,0.25,1,1,2,0.5,0,2,1,1,0.5,2,1,1,20.25,72,58,80,97,103,80,490,1.4,14,50,0
5,562,Yamask,ghost,,0.5,2,1,1,1,0,1,1,2,1,1,1,0,0.5,1,1,1,1,17,38,30,85,30,55,65,303,0.5,1.5,50,0
5,563,Cofagrigus,ghost,,0.5,2,1,1,1,0,1,1,2,1,1,1,0,0.5,1,1,1,1,17,58,50,145,30,95,105,483,1.7,76.5,50,0
5,564,Tirtouga,water,rock,1,1,1,2,1,2,0.25,0.5,1,4,2,0.5,0.5,0.5,1,1,1,1,21.25,54,78,103,22,53,45,355,0.7,16.5,88.1,0
5,565,Carracosta,water,rock,1,1,1,2,1,2,0.25,0.5,1,4,2,0.5,0.5,0.5,1,1,1,1,21.25,74,108,133,32,83,65,495,1.2,81,88.1,0
5,566,Archen,rock,flying,0.5,1,1,2,1,1,0.5,0.5,1,1,0,2,0.5,0.5,1,2,2,2,19.5,55,112,45,70,74,45,401,0.5,9.5,88.1,0
5,567,Archeops,rock,flying,0.5,1,1,2,1,1,0.5,0.5,1,1,0,2,0.5,0.5,1,2,2,2,19.5,75,140,65,110,112,65,567,1.4,32,88.1,0
5,568,Trubbish,poison,,0.5,1,1,1,0.5,0.5,1,1,1,0.5,2,1,1,0.5,2,1,1,1,17.5,50,50,62,65,40,62,329,0.6,31,50,0
5,569,Garbodor,poison,,0.5,1,1,1,0.5,0.5,1,1,1,0.5,2,1,1,0.5,2,1,1,1,17.5,80,95,82,75,60,82,474,1.9,107.3,50,0
5,570,Zorua,dark,,2,0.5,1,1,2,2,1,1,0.5,1,1,1,1,1,0,1,1,1,19,40,65,40,65,80,40,330,0.7,12.5,88.1,0
5,571,Zoroark,dark,,2,0.5,1,1,2,2,1,1,0.5,1,1,1,1,1,0,1,1,1,19,60,105,60,105,120,60,510,1.6,81.1,88.1,0
5,572,Minccino,normal,,1,1,1,1,1,2,1,1,0,1,1,1,1,1,1,1,1,1,18,55,50,40,75,40,40,300,0.4,5.8,24.6,0
5,573,Cinccino,normal,,1,1,1,1,1,2,1,1,0,1,1,1,1,1,1,1,1,1,18,75,95,60,115,65,60,470,0.5,7.5,24.6,0
5,574,Gothita,psychic,,2,2,1,1,1,0.5,1,1,2,1,1,1,1,1,0.5,1,1,1,20,45,30,50,45,55,65,290,0.4,5.8,24.6,0
5,575,Gothorita,psychic,,2,2,1,1,1,0.5,1,1,2,1,1,1,1,1,0.5,1,1,1,20,60,45,70,55,75,85,390,0.7,18,24.6,0
5,576,Gothitelle,psychic,,2,2,1,1,1,0.5,1,1,2,1,1,1,1,1,0.5,1,1,1,20,70,55,95,65,95,110,490,1.5,44,24.6,0
5,577,Solosis,psychic,,2,2,1,1,1,0.5,1,1,2,1,1,1,1,1,0.5,1,1,1,20,45,30,40,20,105,50,290,0.3,1,50,0
5,578,Duosion,psychic,,2,2,1,1,1,0.5,1,1,2,1,1,1,1,1,0.5,1,1,1,20,65,40,50,30,125,60,370,0.6,8,50,0
5,579,Reuniclus,psychic,,2,2,1,1,1,0.5,1,1,2,1,1,1,1,1,0.5,1,1,1,20,110,65,75,30,125,85,490,1,20.1,50,0
5,580,Ducklett,water,flying,0.5,1,1,4,1,0.5,0.5,1,1,1,0,1,1,1,1,2,0.5,0.5,18.5,62,44,50,55,44,50,305,0.5,5.5,50,0
5,581,Swanna,water,flying,0.5,1,1,4,1,0.5,0.5,1,1,1,0,1,1,1,1,2,0.5,0.5,18.5,75,87,63,98,87,63,473,1.3,24.2,50,0
5,582,Vanillite,ice,,1,1,1,1,1,2,2,1,1,1,1,0.5,1,1,1,2,2,1,21.5,36,50,50,44,65,60,305,0.4,5.7,50,0
5,583,Vanillish,ice,,1,1,1,1,1,2,2,1,1,1,1,0.5,1,1,1,2,2,1,21.5,51,65,65,59,80,75,395,1.1,41,50,0
5,584,Vanilluxe,ice,,1,1,1,1,1,2,2,1,1,1,1,0.5,1,1,1,2,2,1,21.5,71,95,85,79,110,95,535,1.3,57.5,50,0
5,585,Deerling,normal,grass,2,1,1,0.5,1,2,2,2,0,0.5,0.5,2,1,2,1,1,1,0.5,21,60,60,50,75,40,50,335,0.6,19.5,50,0
5,586,Sawsbuck,normal,grass,2,1,1,0.5,1,2,2,2,0,0.5,0.5,2,1,2,1,1,1,0.5,21,80,100,70,95,60,70,475,1.9,92.5,50,0
5,587,Emolga,electric,flying,0.5,1,1,1,1,0.5,1,0.5,1,0.5,0,2,1,1,1,2,0.5,1,16.5,55,75,60,103,75,60,428,0.4,5,50,0
5,588,Karrablast,bug,,1,1,1,1,1,0.5,2,2,1,0.5,0.5,1,1,1,1,2,1,1,19.5,50,75,45,60,40,45,315,0.5,5.9,50,0
5,589,Escavalier,bug,steel,0.5,1,0.5,1,0.5,1,4,1,1,0.25,1,0.5,0.5,0,0.5,1,0.5,1,15.75,70,135,105,20,60,105,495,1,33,50,0
5,590,Foongus,grass,poison,1,1,1,0.5,0.5,0.5,2,2,1,0.25,1,2,1,1,2,1,1,0.5,19.25,69,55,45,15,55,55,294,0.2,1,50,0
5,591,Amoonguss,grass,poison,1,1,1,0.5,0.5,0.5,2,2,1,0.25,1,2,1,1,2,1,1,0.5,19.25,114,85,70,30,85,80,464,0.6,10.5,50,0
5,592,Frillish,water,ghost,0.5,2,1,2,1,0,0.5,1,2,2,1,0.5,0,0.5,1,1,0.5,0.5,17,55,40,50,40,65,85,335,1.2,33,50,0
5,593,Jellicent,water,ghost,0.5,2,1,2,1,0,0.5,1,2,2,1,0.5,0,0.5,1,1,0.5,0.5,17,100,60,70,60,85,105,480,2.2,135,50,0
5,594,Alomomola,water,,1,1,1,2,1,1,0.5,1,1,2,1,0.5,1,1,1,1,0.5,0.5,18,165,75,80,65,40,45,470,1.2,31.6,50,0
5,595,Joltik,bug,electric,1,1,1,0.5,1,0.5,2,1,1,0.5,1,1,1,1,1,2,0.5,1,18,50,47,50,65,57,50,319,0.1,0.6,50,0
5,596,Galvantula,bug,electric,1,1,1,0.5,1,0.5,2,1,1,0.5,1,1,1,1,1,2,0.5,1,18,70,77,60,108,97,60,472,0.8,14.3,50,0
5,597,Ferroseed,grass,steel,1,1,0.5,0.5,0.5,2,4,1,1,0.25,1,1,0.5,0,0.5,0.5,0.5,0.5,16.25,44,50,91,10,24,86,305,0.6,18.8,50,0
5,598,Ferrothorn,grass,steel,1,1,0.5,0.5,0.5,2,4,1,1,0.25,1,1,0.5,0,0.5,0.5,0.5,0.5,16.25,74,94,131,20,54,116,489,1,110,50,0
5,599,Klink,steel,,0.5,1,0.5,1,0.5,2,2,0.5,1,0.5,2,0.5,0.5,0,0.5,0.5,0.5,1,15,40,55,70,30,45,60,300,0.3,21,,0
5,600,Klang,steel,,0.5,1,0.5,1,0.5,2,2,0.5,1,0.5,2,0.5,0.5,0,0.5,0.5,0.5,1,15,60,80,95,50,70,85,440,0.6,51,,0
5,601,Klinklang,steel,,0.5,1,0.5,1,0.5,2,2,0.5,1,0.5,2,0.5,0.5,0,0.5,0.5,0.5,1,15,60,100,115,90,70,85,520,0.6,81,,0
5,602,Tynamo,electric,,1,1,1,0.5,1,1,1,0.5,1,1,2,1,1,1,1,1,0.5,1,17.5,35,55,40,60,45,40,275,0.2,0.3,50,0
5,603,Eelektrik,electric,,1,1,1,0.5,1,1,1,0.5,1,1,2,1,1,1,1,1,0.5,1,17.5,65,85,70,40,75,70,405,1.2,22,50,0
5,604,Eelektross,electric,,1,1,1,0.5,1,1,1,0.5,1,1,2,1,1,1,1,1,0.5,1,17.5,85,115,80,50,105,80,515,2.1,80.5,50,0
5,605,Elgyem,psychic,,2,2,1,1,1,0.5,1,1,2,1,1,1,1,1,0.5,1,1,1,20,55,55,55,30,85,55,335,0.5,9,50,0
5,606,Beheeyem,psychic,,2,2,1,1,1,0.5,1,1,2,1,1,1,1,1,0.5,1,1,1,20,75,75,75,40,125,95,485,1,34.5,50,0
5,607,Litwick,ghost,fire,0.25,2,1,1,0.5,0,0.5,1,2,0.5,2,0.5,0,0.5,1,2,0.5,2,17.25,50,30,55,20,65,55,275,0.3,3.1,50,0
5,608,Lampent,ghost,fire,0.25,2,1,1,0.5,0,0.5,1,2,0.5,2,0.5,0,0.5,1,2,0.5,2,17.25,60,40,60,55,95,60,370,0.6,13,50,0
5,609,Chandelure,ghost,fire,0.25,2,1,1,0.5,0,0.5,1,2,0.5,2,0.5,0,0.5,1,2,0.5,2,17.25,60,55,90,80,145,90,520,1,34.3,50,0
5,610,Axew,dragon,,1,1,2,0.5,2,1,0.5,1,1,0.5,1,2,1,1,1,1,1,0.5,19,46,87,60,57,30,40,320,0.6,18,50,0
5,611,Fraxure,dragon,,1,1,2,0.5,2,1,0.5,1,1,0.5,1,2,1,1,1,1,1,0.5,19,66,117,70,67,40,50,410,1,36,50,0
5,612,Haxorus,dragon,,1,1,2,0.5,2,1,0.5,1,1,0.5,1,2,1,1,1,1,1,0.5,19,76,147,90,97,60,70,540,1.8,105.5,50,0
5,613,Cubchoo,ice,,1,1,1,1,1,2,2,1,1,1,1,0.5,1,1,1,2,2,1,21.5,55,70,40,40,60,40,305,0.5,8.5,50,0
5,614,Beartic,ice,,1,1,1,1,1,2,2,1,1,1,1,0.5,1,1,1,2,2,1,21.5,95,130,80,50,70,80,505,2.6,260,50,0
5,615,Cryogonal,ice,,1,1,1,1,1,2,2,1,1,1,1,0.5,1,1,1,2,2,1,21.5,80,50,50,105,95,135,515,1.1,148,,0
5,616,Shelmet,bug,,1,1,1,1,1,0.5,2,2,1,0.5,0.5,1,1,1,1,2,1,1,19.5,50,40,85,25,40,65,305,0.4,7.7,50,0
5,617,Accelgor,bug,,1,1,1,1,1,0.5,2,2,1,0.5,0.5,1,1,1,1,2,1,1,19.5,80,70,40,145,100,60,495,0.8,25.3,50,0
5,618,Stunfisk,ground,electric,1,1,1,0,1,1,1,0.5,1,2,2,2,1,0.5,1,0.5,0.5,2,19,109,66,84,32,81,99,471,0.7,11,50,0
5,619,Mienfoo,fighting,,0.5,0.5,1,1,2,1,1,2,1,1,1,1,1,1,2,0.5,1,1,19.5,45,85,50,65,55,50,350,0.9,20,50,0
5,620,Mienshao,fighting,,0.5,0.5,1,1,2,1,1,2,1,1,1,1,1,1,2,0.5,1,1,19.5,65,125,60,105,95,60,510,1.4,35.5,50,0
5,621,Druddigon,dragon,,1,1,2,0.5,2,1,0.5,1,1,0.5,1,2,1,1,1,1,1,0.5,19,77,120,90,48,60,90,485,1.6,139,50,0
5,622,Golett,ground,ghost,0.5,2,1,0,1,0,1,1,2,2,1,2,0,0.25,1,0.5,1,2,18.25,59,74,50,35,35,50,303,1,92,,0
5,623,Golurk,ground,ghost,0.5,2,1,0,1,0,1,1,2,2,1,2,0,0.25,1,0.5,1,2,18.25,89,124,80,55,55,80,483,2.8,330,,0
5,624,Pawniard,dark,steel,1,0.5,0.5,1,1,4,2,0.5,0.5,0.5,2,0.5,0.5,0,0,0.5,0.5,1,16.5,45,85,70,60,40,40,340,0.5,10.2,50,0
5,625,Bisharp,dark,steel,1,0.5,0.5,1,1,4,2,0.5,0.5,0.5,2,0.5,0.5,0,0,0.5,0.5,1,16.5,65,125,100,70,60,70,490,1.6,70,50,0
5,626,Bouffalant,normal,,1,1,1,1,1,2,1,1,0,1,1,1,1,1,1,1,1,1,18,95,110,95,55,40,95,490,1.6,94.6,50,0
5,627,Rufflet,normal,flying,0.5,1,1,2,1,1,1,1,0,0.5,0,2,1,1,1,2,1,1,18,70,83,50,60,37,50,350,0.5,10.5,100,0
5,628,Braviary,normal,flying,0.5,1,1,2,1,1,1,1,0,0.5,0,2,1,1,1,2,1,1,18,100,123,75,80,57,75,510,1.5,41,100,0
5,629,Vullaby,dark,flying,1,0.5,1,2,2,1,1,1,0.5,0.5,0,2,1,1,0,2,1,1,18.5,70,55,75,60,45,65,370,0.5,9,0,0
5,630,Mandibuzz,dark,flying,1,0.5,1,2,2,1,1,1,0.5,0.5,0,2,1,1,0,2,1,1,18.5,110,65,105,80,55,95,510,1.2,39.5,0,0
5,631,Heatmor,fire,,0.5,1,1,1,0.5,1,0.5,1,1,0.5,2,0.5,1,1,1,2,0.5,2,18,85,97,66,65,105,66,484,1.4,58,50,0
5,632,Durant,bug,steel,0.5,1,0.5,1,0.5,1,4,1,1,0.25,1,0.5,0.5,0,0.5,1,0.5,1,15.75,58,109,112,109,48,48,484,0.3,33,50,0
5,633,Deino,dark,dragon,2,0.5,2,0.5,4,2,0.5,1,0.5,0.5,1,2,1,1,0,1,1,0.5,21,52,65,50,38,45,50,300,0.8,17.3,50,0
5,634,Zweilous,dark,dragon,2,0.5,2,0.5,4,2,0.5,1,0.5,0.5,1,2,1,1,0,1,1,0.5,21,72,85,70,58,65,70,420,1.4,50,50,0
5,635,Hydreigon,dark,dragon,2,0.5,2,0.5,4,2,0.5,1,0.5,0.5,1,2,1,1,0,1,1,0.5,21,92,105,90,98,125,90,600,1.8,160,50,0
5,636,Larvesta,bug,fire,0.5,1,1,1,0.5,0.5,1,2,1,0.25,1,0.5,1,1,1,4,0.5,2,19.75,55,85,55,60,50,55,360,1.1,28.8,50,0
5,637,Volcarona,bug,fire,0.5,1,1,1,0.5,0.5,1,2,1,0.25,1,0.5,1,1,1,4,0.5,2,19.75,85,60,65,100,135,105,550,1.6,46,50,0
5,638,Cobalion,steel,fighting,0.25,0.5,0.5,1,1,2,2,1,1,0.5,2,0.5,0.5,0,1,0.25,0.5,1,15.5,91,90,129,108,90,72,580,2.1,250,,1
5,639,Terrakion,rock,fighting,0.5,0.5,1,1,2,2,0.5,1,1,2,2,1,0.5,0.5,2,0.5,2,2,22,91,129,90,108,72,90,580,1.9,260,,1
5,640,Virizion,grass,fighting,1,0.5,1,0.5,2,1,2,4,1,0.5,0.5,2,1,2,2,0.5,1,0.5,23,91,90,72,108,90,129,580,2,200,,1
5,641,Tornadus,flying,,0.5,1,1,2,1,0.5,1,1,1,0.5,0,2,1,1,1,2,1,1,18.5,79,100,80,121,110,90,580,1.5,63,100,1
5,642,Thundurus,electric,flying,0.5,1,1,1,1,0.5,1,0.5,1,0.5,0,2,1,1,1,2,0.5,1,16.5,79,105,70,101,145,80,580,1.5,61,100,1
5,643,Reshiram,dragon,fire,0.5,1,2,0.5,1,1,0.25,1,1,0.25,2,1,1,1,1,2,0.5,1,18,100,120,100,90,150,120,680,3.2,330,,1
5,644,Zekrom,dragon,electric,1,1,2,0.25,2,1,0.5,0.5,1,0.5,2,2,1,1,1,1,0.5,0.5,18.75,100,150,120,90,120,100,680,2.9,345,,1
5,645,Landorus,ground,flying,0.5,1,1,0,1,0.5,1,1,1,1,0,4,1,0.5,1,1,1,2,18.5,89,145,90,91,105,80,600,1.5,68,100,1
5,646,Kyurem,dragon,ice,1,1,2,0.5,2,2,1,1,1,0.5,1,1,1,1,1,2,2,0.5,21.5,125,120,90,95,170,100,700,3,325,,1
5,647,Keldeo,water,fighting,0.5,0.5,1,2,2,1,0.5,2,1,2,1,0.5,1,1,2,0.5,0.5,0.5,19.5,91,72,90,108,129,90,580,1.4,48.5,,1
5,648,Meloetta,normal,psychic,2,2,1,1,1,1,1,1,0,1,1,1,1,1,0.5,1,1,1,18.5,100,128,90,128,77,77,600,0.6,6.5,,1
5,649,Genesect,bug,steel,0.5,1,0.5,1,0.5,1,4,1,1,0.25,1,0.5,0.5,0,0.5,1,0.5,1,15.75,71,120,95,99,120,95,600,1.5,82.5,,1
6,650,Chespin,grass,,2,1,1,0.5,1,1,2,2,1,0.5,0.5,2,1,2,1,1,1,0.5,21,56,61,65,38,48,45,313,0.4,9,88.1,0
6,651,Quilladin,grass,,2,1,1,0.5,1,1,2,2,1,0.5,0.5,2,1,2,1,1,1,0.5,21,61,78,95,57,56,58,405,0.7,29,88.1,0
6,652,Chesnaught,grass,fighting,1,0.5,1,0.5,2,1,2,4,1,0.5,0.5,2,1,2,2,0.5,1,0.5,23,88,107,122,64,74,75,530,1.6,90,88.1,0
6,653,Fennekin,fire,,0.5,1,1,1,0.5,1,0.5,1,1,0.5,2,0.5,1,1,1,2,0.5,2,18,40,45,40,60,62,60,307,0.4,9.4,88.1,0
6,654,Braixen,fire,,0.5,1,1,1,0.5,1,0.5,1,1,0.5,2,0.5,1,1,1,2,0.5,2,18,59,59,58,73,90,70,409,1,14.5,88.1,0
6,655,Delphox,fire,psychic,1,2,1,1,0.5,0.5,0.5,1,2,0.5,2,0.5,1,1,0.5,2,0.5,2,19.5,75,69,72,104,114,100,534,1.5,39,88.1,0
6,656,Froakie,water,,1,1,1,2,1,1,0.5,1,1,2,1,0.5,1,1,1,1,0.5,0.5,18,41,56,40,71,62,44,314,0.3,7,88.1,0
6,657,Frogadier,water,,1,1,1,2,1,1,0.5,1,1,2,1,0.5,1,1,1,1,0.5,0.5,18,54,63,52,97,83,56,405,0.6,10.9,88.1,0
6,658,Greninja,water,dark,2,0.5,1,2,2,2,0.5,1,0.5,2,1,0.5,1,1,0,1,0.5,0.5,19,72,145,67,132,153,71,640,1.5,40,88.1,0
6,659,Bunnelby,normal,,1,1,1,1,1,2,1,1,0,1,1,1,1,1,1,1,1,1,18,38,36,38,57,32,36,237,0.4,5,50,0
6,660,Diggersby,normal,ground,1,1,1,0,1,2,1,1,0,2,1,2,1,0.5,1,0.5,1,2,19,85,56,77,78,50,77,423,1,42.4,50,0
6,661,Fletchling,normal,flying,0.5,1,1,2,1,1,1,1,0,0.5,0,2,1,1,1,2,1,1,18,45,50,43,62,40,38,278,0.3,1.7,50,0
6,662,Fletchinder,fire,flying,0.25,1,1,2,0.5,0.5,0.5,1,1,0.25,0,1,1,1,1,4,0.5,2,18.5,62,73,55,84,56,52,382,0.7,16,50,0
6,663,Talonflame,fire,flying,0.25,1,1,2,0.5,0.5,0.5,1,1,0.25,0,1,1,1,1,4,0.5,2,18.5,78,81,71,126,74,69,499,1.2,24.5,50,0
6,664,Scatterbug,bug,,1,1,1,1,1,0.5,2,2,1,0.5,0.5,1,1,1,1,2,1,1,19.5,38,35,40,35,27,25,200,0.3,2.5,50,0
6,665,Spewpa,bug,,1,1,1,1,1,0.5,2,2,1,0.5,0.5,1,1,1,1,2,1,1,19.5,45,22,60,29,27,30,213,0.3,8.4,50,0
6,666,Vivillon,bug,flying,0.5,1,1,2,1,0.25,2,2,1,0.25,0,2,1,1,1,4,1,1,22,80,52,50,89,90,50,411,1.2,17,50,0
6,667,Litleo,fire,normal,0.5,1,1,1,0.5,2,0.5,1,0,0.5,2,0.5,1,1,1,2,0.5,2,18,62,50,58,72,73,54,369,0.6,13.5,11.2,0
6,668,Pyroar,fire,normal,0.5,1,1,1,0.5,2,0.5,1,0,0.5,2,0.5,1,1,1,2,0.5,2,18,86,68,72,106,109,66,507,1.5,81.5,11.2,0
6,669,Flabébé,fairy,,0.5,0.5,0,1,1,0.5,1,1,1,1,1,1,1,2,1,1,2,1,17.5,44,38,39,42,61,79,303,0.1,0.1,0,0
6,670,Floette,fairy,,0.5,0.5,0,1,1,0.5,1,1,1,1,1,1,1,2,1,1,2,1,17.5,74,65,67,92,125,128,551,0.2,0.9,0,0
6,671,Florges,fairy,,0.5,0.5,0,1,1,0.5,1,1,1,1,1,1,1,2,1,1,2,1,17.5,78,65,68,75,112,154,552,1.1,10,0,0
6,672,Skiddo,grass,,2,1,1,0.5,1,1,2,2,1,0.5,0.5,2,1,2,1,1,1,0.5,21,66,65,48,52,62,57,350,0.9,31,50,0
6,673,Gogoat,grass,,2,1,1,0.5,1,1,2,2,1,0.5,0.5,2,1,2,1,1,1,0.5,21,123,100,62,68,97,81,531,1.7,91,50,0
6,674,Pancham,fighting,,0.5,0.5,1,1,2,1,1,2,1,1,1,1,1,1,2,0.5,1,1,19.5,67,82,62,43,46,48,348,0.6,8,50,0
6,675,Pangoro,fighting,dark,1,0.25,1,1,4,2,1,2,0.5,1,1,1,1,1,0,0.5,1,1,20.25,95,124,78,58,69,71,495,2.1,136,50,0
6,676,Furfrou,normal,,1,1,1,1,1,2,1,1,0,1,1,1,1,1,1,1,1,1,18,75,80,60,102,65,90,472,1.2,28,50,0
6,677,Espurr,psychic,,2,2,1,1,1,0.5,1,1,2,1,1,1,1,1,0.5,1,1,1,20,62,48,54,68,63,60,355,0.3,3.5,50,0
6,678,Meowstic,psychic,,2,2,1,1,1,0.5,1,1,2,1,1,1,1,1,0.5,1,1,1,20,74,48,76,104,83,81,466,0.6,8.5,50,0
6,679,Honedge,steel,ghost,0.25,2,0.5,1,0.5,0,2,0.5,2,0.5,2,0.5,0,0,0.5,0.5,0.5,1,14.25,45,80,100,28,35,37,325,0.8,2,50,0
6,680,Doublade,steel,ghost,0.25,2,0.5,1,0.5,0,2,0.5,2,0.5,2,0.5,0,0,0.5,0.5,0.5,1,14.25,59,110,150,35,45,49,448,0.8,4.5,50,0
6,681,Aegislash,steel,ghost,0.25,2,0.5,1,0.5,0,2,0.5,2,0.5,2,0.5,0,0,0.5,0.5,0.5,1,14.25,60,150,50,60,150,50,520,1.7,53,50,0
6,682,Spritzee,fairy,,0.5,0.5,0,1,1,0.5,1,1,1,1,1,1,1,2,1,1,2,1,17.5,78,52,60,23,63,65,341,0.2,0.5,50,0
6,683,Aromatisse,fairy,,0.5,0.5,0,1,1,0.5,1,1,1,1,1,1,1,2,1,1,2,1,17.5,101,72,72,29,99,89,462,0.8,15.5,50,0
6,684,Swirlix,fairy,,0.5,0.5,0,1,1,0.5,1,1,1,1,1,1,1,2,1,1,2,1,17.5,62,48,66,49,59,57,341,0.4,3.5,50,0
6,685,Slurpuff,fairy,,0.5,0.5,0,1,1,0.5,1,1,1,1,1,1,1,2,1,1,2,1,17.5,82,80,86,72,85,75,480,0.8,5,50,0
6,686,Inkay,dark,psychic,4,1,1,1,2,1,1,1,1,1,1,1,1,1,0,1,1,1,21,53,54,53,45,37,46,288,0.4,3.5,50,0
6,687,Malamar,dark,psychic,4,1,1,1,2,1,1,1,1,1,1,1,1,1,0,1,1,1,21,86,92,88,73,68,75,482,1.5,47,50,0
6,688,Binacle,rock,water,1,1,1,2,1,2,0.25,0.5,1,4,2,0.5,0.5,0.5,1,1,1,1,21.25,42,52,67,50,39,56,306,0.5,31,50,0
6,689,Barbaracle,rock,water,1,1,1,2,1,2,0.25,0.5,1,4,2,0.5,0.5,0.5,1,1,1,1,21.25,72,105,115,68,54,86,500,1.3,96,50,0
6,690,Skrelp,poison,water,0.5,1,1,2,0.5,0.5,0.5,1,1,1,2,0.5,1,0.5,2,1,0.5,0.5,17,50,60,60,30,60,60,320,0.5,7.3,50,0
6,691,Dragalge,poison,dragon,0.5,1,2,0.5,1,0.5,0.5,1,1,0.25,2,2,1,0.5,2,1,1,0.5,18.25,65,75,90,44,97,123,494,1.8,81.5,50,0
6,692,Clauncher,water,,1,1,1,2,1,1,0.5,1,1,2,1,0.5,1,1,1,1,0.5,0.5,18,50,53,62,44,58,63,330,0.5,8.3,50,0
6,693,Clawitzer,water,,1,1,1,2,1,1,0.5,1,1,2,1,0.5,1,1,1,1,0.5,0.5,18,71,73,88,59,120,89,500,1.3,35.3,50,0
6,694,Helioptile,electric,normal,1,1,1,0.5,1,2,1,0.5,0,1,2,1,1,1,1,1,0.5,1,17.5,44,38,33,70,61,43,289,0.5,6,50,0
6,695,Heliolisk,electric,normal,1,1,1,0.5,1,2,1,0.5,0,1,2,1,1,1,1,1,0.5,1,17.5,62,55,52,109,109,94,481,1,21,50,0
6,696,Tyrunt,rock,dragon,1,1,2,0.5,2,2,0.25,0.5,1,1,2,2,0.5,0.5,1,1,2,1,21.25,58,89,77,48,45,45,362,0.8,26,88.1,0
6,697,Tyrantrum,rock,dragon,1,1,2,0.5,2,2,0.25,0.5,1,1,2,2,0.5,0.5,1,1,2,1,21.25,82,121,119,71,69,59,521,2.5,270,88.1,0
6,698,Amaura,rock,ice,1,1,1,1,1,4,1,0.5,1,2,2,0.5,0.5,0.5,1,2,4,2,26,77,59,50,46,67,63,362,1.3,25.2,88.1,0
6,699,Aurorus,rock,ice,1,1,1,1,1,4,1,0.5,1,2,2,0.5,0.5,0.5,1,2,4,2,26,123,77,72,58,99,92,521,2.7,225,88.1,0
6,700,Sylveon,fairy,,0.5,0.5,0,1,1,0.5,1,1,1,1,1,1,1,2,1,1,2,1,17.5,95,65,65,60,110,130,525,1,23.5,88.1,0
6,701,Hawlucha,fighting,flying,0.25,0.5,1,2,2,0.5,1,2,1,0.5,0,2,1,1,2,1,1,1,19.75,78,92,75,118,74,63,500,0.8,21.5,50,0
6,702,Dedenne,electric,fairy,0.5,0.5,0,0.5,1,0.5,1,0.5,1,1,2,1,1,2,1,1,1,1,16.5,67,58,57,101,81,67,431,0.2,2.2,50,0
6,703,Carbink,rock,fairy,0.5,0.5,0,1,1,1,0.5,0.5,1,2,2,1,0.5,1,1,1,4,2,20.5,50,50,150,50,50,150,500,0.3,5.7,,0
6,704,Goomy,dragon,,1,1,2,0.5,2,1,0.5,1,1,0.5,1,2,1,1,1,1,1,0.5,19,45,50,35,40,55,75,300,0.3,2.8,50,0
6,705,Sliggoo,dragon,,1,1,2,0.5,2,1,0.5,1,1,0.5,1,2,1,1,1,1,1,0.5,19,68,75,53,60,83,113,452,0.8,17.5,50,0
6,706,Goodra,dragon,,1,1,2,0.5,2,1,0.5,1,1,0.5,1,2,1,1,1,1,1,0.5,19,90,100,70,80,110,150,600,2,150.5,50,0
6,707,Klefki,steel,fairy,0.25,0.5,0,1,0.5,1,2,0.5,1,0.5,2,0.5,0.5,0,0.5,0.5,1,1,13.25,57,80,91,75,80,87,470,0.2,3,50,0
6,708,Phantump,ghost,grass,1,2,1,0.5,1,0,2,2,2,0.5,0.5,2,0,1,1,1,1,0.5,19,43,70,48,38,50,60,309,0.4,7,50,0
6,709,Trevenant,ghost,grass,1,2,1,0.5,1,0,2,2,2,0.5,0.5,2,0,1,1,1,1,0.5,19,85,110,76,56,65,82,474,1.5,71,50,0
6,710,Pumpkaboo,ghost,grass,1,2,1,0.5,1,0,2,2,2,0.5,0.5,2,0,1,1,1,1,0.5,19,59,66,70,41,44,55,335,0.8,15,50,0
6,711,Gourgeist,ghost,grass,1,2,1,0.5,1,0,2,2,2,0.5,0.5,2,0,1,1,1,1,0.5,19,85,100,122,54,58,75,494,1.7,39,50,0
6,712,Bergmite,ice,,1,1,1,1,1,2,2,1,1,1,1,0.5,1,1,1,2,2,1,21.5,55,69,85,28,32,35,304,1,99.5,50,0
6,713,Avalugg,ice,,1,1,1,1,1,2,2,1,1,1,1,0.5,1,1,1,2,2,1,21.5,95,117,184,28,44,46,514,2,505,50,0
6,714,Noibat,flying,dragon,0.5,1,2,1,2,0.5,0.5,1,1,0.25,0,4,1,1,1,2,1,0.5,20.25,40,30,35,55,45,40,245,0.5,8,50,0
6,715,Noivern,flying,dragon,0.5,1,2,1,2,0.5,0.5,1,1,0.25,0,4,1,1,1,2,1,0.5,20.25,85,70,80,123,97,80,535,1.5,85,50,0
6,716,Xerneas,fairy,,0.5,0.5,0,1,1,0.5,1,1,1,1,1,1,1,2,1,1,2,1,17.5,126,131,95,99,131,98,680,3,215,,1
6,717,Yveltal,dark,flying,1,0.5,1,2,2,1,1,1,0.5,0.5,0,2,1,1,0,2,1,1,18.5,126,131,95,99,131,98,680,5.8,203,,1
6,718,Zygarde,dragon,ground,1,1,2,0,2,1,0.5,1,1,1,1,4,1,0.5,1,0.5,1,1,20.5,216,100,121,85,91,95,708,5,284.6,,1
6,719,Diancie,rock,fairy,0.5,0.5,0,1,1,1,0.5,0.5,1,2,2,1,0.5,1,1,1,4,2,20.5,50,160,110,110,160,110,700,0.7,8.8,,1
6,720,Hoopa,psychic,ghost,1,4,1,1,1,0,1,1,4,1,1,1,0,0.5,0.5,1,1,1,21,80,160,60,80,170,130,680,,,,1
6,721,Volcanion,fire,water,0.5,1,1,2,0.5,1,0.25,1,1,1,2,0.25,1,1,1,2,0.25,1,17.75,80,110,120,70,130,90,600,1.7,195,,1
7,722,Rowlet,grass,flying,1,1,1,1,1,0.5,2,2,1,0.25,0,4,1,2,1,2,1,0.5,22.25,68,55,55,42,50,50,320,0.3,1.5,88.1,0
7,723,Dartrix,grass,flying,1,1,1,1,1,0.5,2,2,1,0.25,0,4,1,2,1,2,1,0.5,22.25,78,75,75,52,70,70,420,0.7,16,88.1,0
7,724,Decidueye,grass,ghost,1,2,1,0.5,1,0,2,2,2,0.5,0.5,2,0,1,1,1,1,0.5,19,78,107,75,70,100,100,530,1.6,36.6,88.1,0
7,725,Litten,fire,,0.5,1,1,1,0.5,1,0.5,1,1,0.5,2,0.5,1,1,1,2,0.5,2,18,45,65,40,70,60,40,320,0.4,4.3,88.1,0
7,726,Torracat,fire,,0.5,1,1,1,0.5,1,0.5,1,1,0.5,2,0.5,1,1,1,2,0.5,2,18,65,85,50,90,80,50,420,0.7,25,88.1,0
7,727,Incineroar,fire,dark,1,0.5,1,1,1,2,0.5,1,0.5,0.5,2,0.5,1,1,0,2,0.5,2,18,95,115,90,60,80,90,530,1.8,83,88.1,0
7,728,Popplio,water,,1,1,1,2,1,1,0.5,1,1,2,1,0.5,1,1,1,1,0.5,0.5,18,50,54,54,40,66,56,320,0.4,7.5,88.1,0
7,729,Brionne,water,,1,1,1,2,1,1,0.5,1,1,2,1,0.5,1,1,1,1,0.5,0.5,18,60,69,69,50,91,81,420,0.6,17.5,88.1,0
7,730,Primarina,water,fairy,0.5,0.5,0,2,1,0.5,0.5,1,1,2,1,0.5,1,2,1,1,1,0.5,17,80,74,74,60,126,116,530,1.8,44,88.1,0
7,731,Pikipek,normal,flying,0.5,1,1,2,1,1,1,1,0,0.5,0,2,1,1,1,2,1,1,18,35,75,30,65,30,30,265,0.3,1.2,50,0
7,732,Trumbeak,normal,flying,0.5,1,1,2,1,1,1,1,0,0.5,0,2,1,1,1,2,1,1,18,55,85,50,75,40,50,355,0.6,14.8,50,0
7,733,Toucannon,normal,flying,0.5,1,1,2,1,1,1,1,0,0.5,0,2,1,1,1,2,1,1,18,80,120,75,60,75,75,485,1.1,26,50,0
7,734,Yungoos,normal,,1,1,1,1,1,2,1,1,0,1,1,1,1,1,1,1,1,1,18,48,70,30,45,30,30,253,0.4,6,50,0
7,735,Gumshoos,normal,,1,1,1,1,1,2,1,1,0,1,1,1,1,1,1,1,1,1,18,88,110,60,45,55,60,418,0.7,14.2,50,0
7,736,Grubbin,bug,,1,1,1,1,1,0.5,2,2,1,0.5,0.5,1,1,1,1,2,1,1,19.5,47,62,45,46,55,45,300,0.4,4.4,50,0
7,737,Charjabug,bug,electric,1,1,1,0.5,1,0.5,2,1,1,0.5,1,1,1,1,1,2,0.5,1,18,57,82,95,36,55,75,400,0.5,10.5,50,0
7,738,Vikavolt,bug,electric,1,1,1,0.5,1,0.5,2,1,1,0.5,1,1,1,1,1,2,0.5,1,18,77,70,90,43,145,75,500,1.5,45,50,0
7,739,Crabrawler,fighting,,0.5,0.5,1,1,2,1,1,2,1,1,1,1,1,1,2,0.5,1,1,19.5,47,82,57,63,42,47,338,0.6,7,50,0
7,740,Crabominable,fighting,ice,0.5,0.5,1,1,2,2,2,2,1,1,1,0.5,1,1,2,1,2,1,22.5,97,132,77,43,62,67,478,1.7,180,50,0
7,741,Oricorio,fire,flying,0.25,1,1,2,0.5,0.5,0.5,1,1,0.25,0,1,1,1,1,4,0.5,2,18.5,75,70,70,93,98,70,476,0.6,3.4,24.6,0
7,742,Cutiefly,bug,fairy,0.5,0.5,0,1,1,0.25,2,2,1,0.5,0.5,1,1,2,1,2,2,1,19.25,40,45,40,84,55,40,304,0.1,0.2,50,0
7,743,Ribombee,bug,fairy,0.5,0.5,0,1,1,0.25,2,2,1,0.5,0.5,1,1,2,1,2,2,1,19.25,60,55,60,124,95,70,464,0.2,0.5,50,0
7,744,Rockruff,rock,,1,1,1,1,1,2,0.5,0.5,1,2,2,1,0.5,0.5,1,1,2,2,21,45,65,40,60,30,40,280,0.5,9.2,50,0
7,745,Lycanroc,rock,,1,1,1,1,1,2,0.5,0.5,1,2,2,1,0.5,0.5,1,1,2,2,21,85,115,75,82,55,75,487,,,50,0
7,746,Wishiwashi,water,,1,1,1,2,1,1,0.5,1,1,2,1,0.5,1,1,1,1,0.5,0.5,18,45,140,130,30,140,135,620,0.2,0.3,50,0
7,747,Mareanie,poison,water,0.5,1,1,2,0.5,0.5,0.5,1,1,1,2,0.5,1,0.5,2,1,0.5,0.5,17,50,53,62,45,43,52,305,0.4,8,50,0
7,748,Toxapex,poison,water,0.5,1,1,2,0.5,0.5,0.5,1,1,1,2,0.5,1,0.5,2,1,0.5,0.5,17,50,63,152,35,53,142,495,0.7,14.5,50,0
7,749,Mudbray,ground,,1,1,1,0,1,1,1,1,1,2,1,2,1,0.5,1,0.5,1,2,19,70,100,70,45,45,55,385,1,110,50,0
7,750,Mudsdale,ground,,1,1,1,0,1,1,1,1,1,2,1,2,1,0.5,1,0.5,1,2,19,100,125,100,35,55,85,500,2.5,920,50,0
7,751,Dewpider,water,bug,1,1,1,2,1,0.5,1,2,1,1,0.5,0.5,1,1,1,2,0.5,0.5,18.5,38,40,52,27,40,72,269,0.3,4,50,0
7,752,Araquanid,water,bug,1,1,1,2,1,0.5,1,2,1,1,0.5,0.5,1,1,1,2,0.5,0.5,18.5,68,70,92,42,50,132,454,1.8,82,50,0
7,753,Fomantis,grass,,2,1,1,0.5,1,1,2,2,1,0.5,0.5,2,1,2,1,1,1,0.5,21,40,55,35,35,50,35,250,0.3,1.5,50,0
7,754,Lurantis,grass,,2,1,1,0.5,1,1,2,2,1,0.5,0.5,2,1,2,1,1,1,0.5,21,70,105,90,45,80,90,480,0.9,18.5,50,0
7,755,Morelull,grass,fairy,1,0.5,0,0.5,1,0.5,2,2,1,0.5,0.5,2,1,4,1,1,2,0.5,21,40,35,55,15,65,75,285,0.2,1.5,50,0
7,756,Shiinotic,grass,fairy,1,0.5,0,0.5,1,0.5,2,2,1,0.5,0.5,2,1,4,1,1,2,0.5,21,60,45,80,30,90,100,405,1,11.5,50,0
7,757,Salandit,poison,fire,0.25,1,1,1,0.25,0.5,0.5,1,1,0.25,4,0.5,1,0.5,2,2,0.5,2,19.25,48,44,40,77,71,40,320,0.6,4.8,88.1,0
7,758,Salazzle,poison,fire,0.25,1,1,1,0.25,0.5,0.5,1,1,0.25,4,0.5,1,0.5,2,2,0.5,2,19.25,68,64,60,117,111,60,480,1.2,22.2,0,0
7,759,Stufful,normal,fighting,0.5,0.5,1,1,2,2,1,2,0,1,1,1,1,1,2,0.5,1,1,19.5,70,75,50,50,45,50,340,0.5,6.8,50,0
7,760,Bewear,normal,fighting,0.5,0.5,1,1,2,2,1,2,0,1,1,1,1,1,2,0.5,1,1,19.5,120,125,80,60,55,60,500,2.1,135,50,0
7,761,Bounsweet,grass,,2,1,1,0.5,1,1,2,2,1,0.5,0.5,2,1,2,1,1,1,0.5,21,42,30,38,32,30,38,210,0.3,3.2,0,0
7,762,Steenee,grass,,2,1,1,0.5,1,1,2,2,1,0.5,0.5,2,1,2,1,1,1,0.5,21,52,40,48,62,40,48,290,0.7,8.2,0,0
7,763,Tsareena,grass,,2,1,1,0.5,1,1,2,2,1,0.5,0.5,2,1,2,1,1,1,0.5,21,72,120,98,72,50,98,510,1.2,21.4,0,0
7,764,Comfey,fairy,,0.5,0.5,0,1,1,0.5,1,1,1,1,1,1,1,2,1,1,2,1,17.5,51,52,90,100,82,110,485,0.1,0.3,24.6,0
7,765,Oranguru,normal,psychic,2,2,1,1,1,1,1,1,0,1,1,1,1,1,0.5,1,1,1,18.5,90,60,80,60,90,110,490,1.5,76,50,0
7,766,Passimian,fighting,,0.5,0.5,1,1,2,1,1,2,1,1,1,1,1,1,2,0.5,1,1,19.5,100,120,90,80,40,60,490,2,82.8,50,0
7,767,Wimpod,bug,water,1,1,1,2,1,0.5,1,2,1,1,0.5,0.5,1,1,1,2,0.5,0.5,18.5,25,35,40,80,20,30,230,0.5,12,50,0
7,768,Golisopod,bug,water,1,1,1,2,1,0.5,1,2,1,1,0.5,0.5,1,1,1,2,0.5,0.5,18.5,75,125,140,40,60,90,530,2,108,50,0
7,769,Sandygast,ghost,ground,0.5,2,1,0,1,0,1,1,2,2,1,2,0,0.25,1,0.5,1,2,18.25,55,55,80,15,70,45,320,0.5,70,50,0
7,770,Palossand,ghost,ground,0.5,2,1,0,1,0,1,1,2,2,1,2,0,0.25,1,0.5,1,2,18.25,85,75,110,35,100,75,480,1.3,250,50,0
7,771,Pyukumuku,water,,1,1,1,2,1,1,0.5,1,1,2,1,0.5,1,1,1,1,0.5,0.5,18,55,60,130,5,30,130,410,0.3,1.2,50,0
7,772,Type: Null,normal,,1,1,1,1,1,2,1,1,0,1,1,1,1,1,1,1,1,1,18,95,95,95,59,95,95,534,1.9,120.5,,0
7,773,Silvally,normal,,1,1,1,1,1,2,1,1,0,1,1,1,1,1,1,1,1,1,18,95,95,95,95,95,95,570,2.3,100.5,,0
7,774,Minior,rock,flying,0.5,1,1,2,1,1,0.5,0.5,1,1,0,2,0.5,0.5,1,2,2,2,19.5,60,100,60,120,100,60,500,0.3,40,,0
7,775,Komala,normal,,1,1,1,1,1,2,1,1,0,1,1,1,1,1,1,1,1,1,18,65,115,65,65,75,95,480,0.4,19.9,50,0
7,776,Turtonator,fire,dragon,0.5,1,2,0.5,1,1,0.25,1,1,0.25,2,1,1,1,1,2,0.5,1,18,60,78,135,36,91,85,485,2,212,50,0
7,777,Togedemaru,electric,steel,0.5,1,0.5,0.5,0.5,2,2,0.25,1,0.5,4,0.5,0.5,0,0.5,0.5,0.25,1,16,65,98,63,96,40,73,435,0.3,3.3,50,0
7,778,Mimikyu,ghost,fairy,0.25,1,0,1,1,0,1,1,2,1,1,1,0,1,1,1,2,1,16.25,55,90,80,96,50,105,476,0.2,0.7,50,0
7,779,Bruxish,water,psychic,2,2,1,2,1,0.5,0.5,1,2,2,1,0.5,1,1,0.5,1,0.5,0.5,20,68,105,70,92,70,70,475,0.9,19,50,0
7,780,Drampa,normal,dragon,1,1,2,0.5,2,2,0.5,1,0,0.5,1,2,1,1,1,1,1,0.5,19,78,60,85,36,135,91,485,3,185,50,0
7,781,Dhelmise,ghost,grass,1,2,1,0.5,1,0,2,2,2,0.5,0.5,2,0,1,1,1,1,0.5,19,70,131,100,40,86,90,517,3.9,210,,0
7,782,Jangmo-o,dragon,,1,1,2,0.5,2,1,0.5,1,1,0.5,1,2,1,1,1,1,1,0.5,19,45,55,65,45,45,45,300,0.6,29.7,50,0
7,783,Hakamo-o,dragon,fighting,0.5,0.5,2,0.5,4,1,0.5,2,1,0.5,1,2,1,1,2,0.5,1,0.5,21.5,55,75,90,65,65,70,420,1.2,47,50,0
7,784,Kommo-o,dragon,fighting,0.5,0.5,2,0.5,4,1,0.5,2,1,0.5,1,2,1,1,2,0.5,1,0.5,21.5,75,110,125,85,100,105,600,1.6,78.2,50,0
7,785,Tapu Koko,electric,fairy,0.5,0.5,0,0.5,1,0.5,1,0.5,1,1,2,1,1,2,1,1,1,1,16.5,70,115,85,130,95,75,570,1.8,20.5,,1
7,786,Tapu Lele,psychic,fairy,1,1,0,1,1,0.25,1,1,2,1,1,1,1,2,0.5,1,2,1,18.75,70,85,75,95,130,115,570,1.2,18.6,,1
7,787,Tapu Bulu,grass,fairy,1,0.5,0,0.5,1,0.5,2,2,1,0.5,0.5,2,1,4,1,1,2,0.5,21,70,130,115,75,85,95,570,1.9,45.5,,1
7,788,Tapu Fini,water,fairy,0.5,0.5,0,2,1,0.5,0.5,1,1,2,1,0.5,1,2,1,1,1,0.5,17,70,75,115,85,95,130,570,1.3,21.2,,1
7,789,Cosmog,psychic,,2,2,1,1,1,0.5,1,1,2,1,1,1,1,1,0.5,1,1,1,20,43,29,31,37,29,31,200,0.2,0.1,,1
7,790,Cosmoem,psychic,,2,2,1,1,1,0.5,1,1,2,1,1,1,1,1,0.5,1,1,1,20,43,29,131,37,29,131,400,0.1,999.9,,1
7,791,Solgaleo,psychic,steel,1,2,0.5,1,0.5,1,2,0.5,2,0.5,2,0.5,0.5,0,0.25,0.5,0.5,1,16.25,137,137,107,97,113,89,680,3.4,230,,1
7,792,Lunala,psychic,ghost,1,4,1,1,1,0,1,1,4,1,1,1,0,0.5,0.5,1,1,1,21,137,113,89,97,137,107,680,4,120,,1
7,793,Nihilego,rock,poison,0.5,1,1,1,0.5,1,0.5,0.5,1,1,4,1,0.5,0.25,2,1,2,2,20.75,109,53,47,103,127,131,570,1.2,55.5,,1
7,794,Buzzwole,bug,fighting,0.5,0.5,1,1,2,0.5,2,4,1,0.5,0.5,1,1,1,2,1,1,1,21.5,107,139,139,79,53,53,570,2.4,333.6,,1
7,795,Pheromosa,bug,fighting,0.5,0.5,1,1,2,0.5,2,4,1,0.5,0.5,1,1,1,2,1,1,1,21.5,71,137,37,151,137,37,570,1.8,25,,1
7,796,Xurkitree,electric,,1,1,1,0.5,1,1,1,0.5,1,1,2,1,1,1,1,1,0.5,1,17.5,83,89,71,83,173,71,570,3.8,100,,1
7,797,Celesteela,steel,flying,0.25,1,0.5,2,0.5,1,2,0.5,1,0.25,0,1,0.5,0,0.5,1,0.5,1,13.5,97,101,103,61,107,101,570,9.2,999.9,,1
7,798,Kartana,grass,steel,1,1,0.5,0.5,0.5,2,4,1,1,0.25,1,1,0.5,0,0.5,0.5,0.5,0.5,16.25,59,181,131,109,59,31,570,0.3,0.1,,1
7,799,Guzzlord,dark,dragon,2,0.5,2,0.5,4,2,0.5,1,0.5,0.5,1,2,1,1,0,1,1,0.5,21,223,101,53,43,97,53,570,5.5,888,,1
7,800,Necrozma,psychic,,2,2,1,1,1,0.5,1,1,2,1,1,1,1,1,0.5,1,1,1,20,97,107,101,79,127,89,600,2.4,230,,1
7,801,Magearna,steel,fairy,0.25,0.5,0,1,0.5,1,2,0.5,1,0.5,2,0.5,0.5,0,0.5,0.5,1,1,13.25,80,95,115,65,130,115,600,1,80.5,,1
